id,userName,fullName,profilePicUrl,isVerified
31855730036,pimple_patil,Unmesh,https://instagram.fblr20-3.fna.fbcdn.net/v/t51.2885-19/315540300_1245003843022095_7565475069517659199_n.jpg?stp=dst-jpg_s150x150&_nc_ht=instagram.fblr20-3.fna.fbcdn.net&_nc_cat=103&_nc_ohc=8RM1v4utWpAAX-lOMIP&edm=AOG-cTkBAAAA&ccb=7-5&oh=00_AfDqdb3dJG937YjLTwqb2NroDNU6c7UQoRRr1WwoS9e1eQ&oe=6394D3B0&_nc_sid=282b66,false
49065882538,t_a_n_u_006,Tanushree mallah,https://instagram.fblr20-2.fna.fbcdn.net/v/t51.2885-19/313919139_119811174247787_2437740737018477542_n.jpg?stp=dst-jpg_s150x150&_nc_ht=instagram.fblr20-2.fna.fbcdn.net&_nc_cat=111&_nc_ohc=QDdYP2YSzFEAX9IqolS&edm=AOG-cTkBAAAA&ccb=7-5&oh=00_AfAHaKQaZ9JQWWQo0zI84Ay30iQkVOCdT_oJb90ne0B_xA&oe=63943382&_nc_sid=282b66,false
13464357328,sumitdhorde,SUMIT DHORDE PATIL,https://instagram.fblr20-1.fna.fbcdn.net/v/t51.2885-19/314906991_846944273171253_5191362434208270781_n.jpg?stp=dst-jpg_s150x150&_nc_ht=instagram.fblr20-1.fna.fbcdn.net&_nc_cat=109&_nc_ohc=XNhKFOW1KcoAX_T1QAQ&edm=AOG-cTkBAAAA&ccb=7-5&oh=00_AfBRWK4vaEJ3TkDoDVz0fygp0x1p6l6FBpIqNMTu-AybIQ&oe=6395199B&_nc_sid=282b66,false
6856135387,the_adishree_sakhare,Adishreeüíó,https://instagram.fblr20-3.fna.fbcdn.net/v/t51.2885-19/314397740_1271467133422347_6047898391893327330_n.jpg?stp=dst-jpg_s150x150&_nc_ht=instagram.fblr20-3.fna.fbcdn.net&_nc_cat=103&_nc_ohc=icyshv2HszAAX87cS1u&edm=AOG-cTkBAAAA&ccb=7-5&oh=00_AfDbyYo3fSZhjsfd_lyreeKofuX8VxLuH7ZYqrC35GOATA&oe=63937368&_nc_sid=282b66,false
44720330974,official_eshaanjadhav22,MR_silentü§´,https://instagram.fblr20-2.fna.fbcdn.net/v/t51.2885-19/311707525_5640624309329951_8853236961905215454_n.jpg?stp=dst-jpg_s150x150&_nc_ht=instagram.fblr20-2.fna.fbcdn.net&_nc_cat=111&_nc_ohc=bBehlEPchHgAX_sNREU&edm=AOG-cTkBAAAA&ccb=7-5&oh=00_AfDZ41jJe3hqF6ASsmal0Ezq6auAQQdoosxqsk8AZlzNpQ&oe=63939CED&_nc_sid=282b66,false
7279782972,imbdevang,Devang Bhattad,https://instagram.fblr20-2.fna.fbcdn.net/v/t51.2885-19/317623454_1557781098069354_3572238077830519677_n.jpg?stp=dst-jpg_s150x150&_nc_ht=instagram.fblr20-2.fna.fbcdn.net&_nc_cat=106&_nc_ohc=TJJuD9KOfx0AX9SzzNL&edm=AOG-cTkBAAAA&ccb=7-5&oh=00_AfAZaMY0tA8ppyJ7B4Q6_w2adgzJReb4zbtfppyKqrScCA&oe=63948F29&_nc_sid=282b66,false
4464882229,prasad02wable,Prasad Wable,https://instagram.fblr20-2.fna.fbcdn.net/v/t51.2885-19/118792420_1202569860108210_5469811684608206327_n.jpg?stp=dst-jpg_s150x150&_nc_ht=instagram.fblr20-2.fna.fbcdn.net&_nc_cat=106&_nc_ohc=9FQPcGIoKGIAX-xOakw&edm=AOG-cTkBAAAA&ccb=7-5&oh=00_AfArZzym4AmtxXcFv1ojNMGSpDlAhrxDx5cLh672n6SWXg&oe=63942B29&_nc_sid=282b66,false
47183903469,vedantbhad10,Vedant Bhad,https://instagram.fblr20-3.fna.fbcdn.net/v/t51.2885-19/314820592_638479767974977_3460752988509326359_n.jpg?stp=dst-jpg_s150x150&_nc_ht=instagram.fblr20-3.fna.fbcdn.net&_nc_cat=101&_nc_ohc=Jaina4RTOtUAX9MFp6B&tn=uUIEOepx0q4Jbq90&edm=AOG-cTkBAAAA&ccb=7-5&oh=00_AfCkz6CrWYOE5mC8gJMkyLe1rYD9aTx_dH8oxAdHForSyw&oe=63940DA4&_nc_sid=282b66,false
53703356121,kushal.gadiya,KUSHAL _69,https://instagram.fblr20-1.fna.fbcdn.net/v/t51.2885-19/290426569_1109897619565663_4188600578308109_n.jpg?stp=dst-jpg_s150x150&_nc_ht=instagram.fblr20-1.fna.fbcdn.net&_nc_cat=107&_nc_ohc=G-ZsU6Bz8KkAX8FxmjQ&edm=AOG-cTkBAAAA&ccb=7-5&oh=00_AfBOuIkx0Hw8My3W2MCPZwKKKLyFeLHyok3ndD0u5EG1jA&oe=6393EE02&_nc_sid=282b66,false
56600421503,iisb_confessions,IISB | Confessions,https://instagram.fblr20-3.fna.fbcdn.net/v/t51.2885-19/318095251_699575494810417_308176882428073340_n.jpg?stp=dst-jpg_s150x150&_nc_ht=instagram.fblr20-3.fna.fbcdn.net&_nc_cat=101&_nc_ohc=iBmtZ6iUvGkAX_fhQ2B&edm=AOG-cTkBAAAA&ccb=7-5&oh=00_AfAZ-roRVnItws0LHhe6om3wmcfCinr8kxzGdecxXHfjNw&oe=63948D74&_nc_sid=282b66,false
8517314251,rohit_________kere,ìÜ©ROHITìÜ™,https://instagram.fblr20-1.fna.fbcdn.net/v/t51.2885-19/315286641_199794312633584_421381666293052476_n.jpg?stp=dst-jpg_s150x150&_nc_ht=instagram.fblr20-1.fna.fbcdn.net&_nc_cat=108&_nc_ohc=3QJm3R2AFbAAX9x_n6v&edm=AOG-cTkBAAAA&ccb=7-5&oh=00_AfCFaO7pKZ08qeKkV6uqS40cbOiUXlgeHGRS-R8nYLfBCg&oe=6394AEAA&_nc_sid=282b66,false
49319598258,animeshkale3,Animesh,https://instagram.fblr20-1.fna.fbcdn.net/v/t51.2885-19/312982558_869991790824273_3957110887550942762_n.jpg?stp=dst-jpg_s150x150&_nc_ht=instagram.fblr20-1.fna.fbcdn.net&_nc_cat=109&_nc_ohc=gY-wchofc-oAX-avXAE&edm=AOG-cTkBAAAA&ccb=7-5&oh=00_AfAZozbPgm2M8bvlZyVrOqDoXpDfADIUR7nQY5JShNlgVA&oe=63934B6B&_nc_sid=282b66,false
56478560915,krish_16103,Krish Shah,https://instagram.fblr20-2.fna.fbcdn.net/v/t51.2885-19/313379510_134573216023084_5752891452158107221_n.jpg?stp=dst-jpg_s150x150&_nc_ht=instagram.fblr20-2.fna.fbcdn.net&_nc_cat=104&_nc_ohc=gpgLjWVgDHwAX__JakU&tn=uUIEOepx0q4Jbq90&edm=AOG-cTkBAAAA&ccb=7-5&oh=00_AfBXiU36Nh2IYsI4OX5CuqBemfBh2AqQsvGwZsMQNtv_Wg&oe=63944D45&_nc_sid=282b66,false
49056621129,rushi__101_,Rushikesh Borkar,https://instagram.fblr20-2.fna.fbcdn.net/v/t51.2885-19/297513710_1153278372070530_1670456724615806088_n.jpg?stp=dst-jpg_s150x150&_nc_ht=instagram.fblr20-2.fna.fbcdn.net&_nc_cat=106&_nc_ohc=8N1TyyRNDSwAX_3r-y_&tn=uUIEOepx0q4Jbq90&edm=AOG-cTkBAAAA&ccb=7-5&oh=00_AfBSiTxtHnVjFFAhg1ZnvKF4uT7b-_4chf69d5O7da_yqA&oe=63941CD3&_nc_sid=282b66,false
36278217787,sanath70700,sanath,https://instagram.fblr20-1.fna.fbcdn.net/v/t51.2885-19/188858290_4222764051107984_937766724047205258_n.jpg?stp=dst-jpg_s150x150&_nc_ht=instagram.fblr20-1.fna.fbcdn.net&_nc_cat=108&_nc_ohc=MaQnhYNYoMEAX-Ez8gD&edm=AOG-cTkBAAAA&ccb=7-5&oh=00_AfBCeizBoDege1PAmRm7fuJ_UsTJvzBG8r8tfrua-9iFVw&oe=63951773&_nc_sid=282b66,false
50697910663,mehal_dange,MEHAL DANGE,https://instagram.fblr20-3.fna.fbcdn.net/v/t51.2885-19/297442908_147084787998613_5457065238933528621_n.jpg?stp=dst-jpg_s150x150&_nc_ht=instagram.fblr20-3.fna.fbcdn.net&_nc_cat=101&_nc_ohc=xgMcfau_swQAX_frw3K&edm=AOG-cTkBAAAA&ccb=7-5&oh=00_AfBwHczXlB_U2WSjlEvb3B3-dtnDi31LDao9fadcLj-aWQ&oe=63947C1C&_nc_sid=282b66,false
5420571062,ved_7teen,V√©d√§√±t,https://instagram.fblr20-2.fna.fbcdn.net/v/t51.2885-19/311288823_790112992270214_4511632192334365694_n.jpg?stp=dst-jpg_s150x150&_nc_ht=instagram.fblr20-2.fna.fbcdn.net&_nc_cat=102&_nc_ohc=Yp6gKfPBTykAX9kw1Sm&edm=AOG-cTkBAAAA&ccb=7-5&oh=00_AfDrCr0oX_g5SpdQ-of-7g2Yc4PrAZ_pUHx71Zo2mNz3vA&oe=63935CC7&_nc_sid=282b66,false
26534725134,tirth_1514,Tirth,https://instagram.fblr20-3.fna.fbcdn.net/v/t51.2885-19/316298800_3483628841867016_4373810254193449334_n.jpg?stp=dst-jpg_s150x150&_nc_ht=instagram.fblr20-3.fna.fbcdn.net&_nc_cat=100&_nc_ohc=biPbdnTIkFoAX_VSQI6&tn=uUIEOepx0q4Jbq90&edm=AOG-cTkBAAAA&ccb=7-5&oh=00_AfA7Mi_HzL3RiRQ4HJuuO-8jUh3JhpspaereUjJMV8Gcug&oe=6394BBAD&_nc_sid=282b66,false
4311855849,_orphic______,üßã,https://instagram.fblr20-1.fna.fbcdn.net/v/t51.2885-19/310798899_165819402709665_6179318915685787752_n.jpg?stp=dst-jpg_s150x150&_nc_ht=instagram.fblr20-1.fna.fbcdn.net&_nc_cat=109&_nc_ohc=4-3ccEqG09YAX_I_jge&edm=AOG-cTkBAAAA&ccb=7-5&oh=00_AfBUcVbnkilUKXmQLdHNBlSN9q_UPpjrK9m0LrEbihvyZQ&oe=63932D86&_nc_sid=282b66,false
7800947365,navyaaa.agarwal,Navyaa*,https://instagram.fblr20-2.fna.fbcdn.net/v/t51.2885-19/316690678_475432787910616_4262898162790579971_n.jpg?stp=dst-jpg_s150x150&_nc_ht=instagram.fblr20-2.fna.fbcdn.net&_nc_cat=104&_nc_ohc=FC6meQwYUdQAX_HArdU&edm=AOG-cTkBAAAA&ccb=7-5&oh=00_AfB6cZ8nUZhh_2JuMLpjgaqitsBYZHcKGwmD-uoIKzSCHg&oe=63949508&_nc_sid=282b66,false
44346110398,shrutik_unde,Shrutik Unde Patil,https://scontent-itm1-1.cdninstagram.com/v/t51.2885-19/44884218_345707102882519_2446069589734326272_n.jpg?_nc_ht=scontent-itm1-1.cdninstagram.com&_nc_cat=1&_nc_ohc=uM88MCE8Dx4AX_GNUt_&edm=ALlQn9MBAAAA&ccb=7-5&ig_cache_key=YW5vbnltb3VzX3Byb2ZpbGVfcGlj.2-ccb7-5&oh=00_AfCTt_q3eN9iTLElNglpqxWazp407gR-xgSsEtF62bnz4g&oe=6394944F&_nc_sid=48a2a6,false
54304875019,aryankadam_ki_shayri,aryan kadam,https://instagram.fblr20-3.fna.fbcdn.net/v/t51.2885-19/317716622_1110581339626729_4269485629049989365_n.jpg?stp=dst-jpg_s150x150&_nc_ht=instagram.fblr20-3.fna.fbcdn.net&_nc_cat=101&_nc_ohc=aEac8BuoRdoAX9BtxMd&tn=uUIEOepx0q4Jbq90&edm=AOG-cTkBAAAA&ccb=7-5&oh=00_AfBEA2A1OTTm74GrRi8Fx4P9wtwqnHViDT7cKVTjQeyVsw&oe=639461A4&_nc_sid=282b66,false
36831316309,manvib999,manvi üê¢,https://instagram.fblr20-3.fna.fbcdn.net/v/t51.2885-19/308501155_1505504693224059_1497909741215626815_n.jpg?stp=dst-jpg_s150x150&_nc_ht=instagram.fblr20-3.fna.fbcdn.net&_nc_cat=103&_nc_ohc=bZBLmgb_5ysAX9JoR8P&edm=AOG-cTkBAAAA&ccb=7-5&oh=00_AfC3yZqRurydgy_j0-wYPUIA_qroYx0rBpSq8_k5foaehw&oe=639378C2&_nc_sid=282b66,false
36091776010,rishit.wow,rishit,https://instagram.fblr20-1.fna.fbcdn.net/v/t51.2885-19/306543644_152618080737691_2262049603813208942_n.jpg?stp=dst-jpg_s150x150&_nc_ht=instagram.fblr20-1.fna.fbcdn.net&_nc_cat=107&_nc_ohc=y4oYoeGcsY4AX8FE_5z&edm=AOG-cTkBAAAA&ccb=7-5&oh=00_AfDQYM2tn0rIV60XzohJAf39bfp5AQte0RhaEKWW-ye7eA&oe=6394D4A9&_nc_sid=282b66,false
55965469680,_.blessed_baby,,https://instagram.fblr20-2.fna.fbcdn.net/v/t51.2885-19/316953166_876589866703600_6075507517734709041_n.jpg?stp=dst-jpg_s150x150&_nc_ht=instagram.fblr20-2.fna.fbcdn.net&_nc_cat=104&_nc_ohc=gdoRcoCU6yIAX9TdweY&edm=AOG-cTkBAAAA&ccb=7-5&oh=00_AfDLw8f7hvzXGvQseUNL078rFkMc6aqs2QIcjiQeL8oizw&oe=6393490D&_nc_sid=282b66,false
1298055254,sakshi_hurne,Sakshi Hurne,https://instagram.fblr20-3.fna.fbcdn.net/v/t51.2885-19/272297368_904512633436695_6694204517014171582_n.jpg?stp=dst-jpg_s150x150&_nc_ht=instagram.fblr20-3.fna.fbcdn.net&_nc_cat=103&_nc_ohc=wOS0uRbDKPAAX-b6kYa&edm=AOG-cTkBAAAA&ccb=7-5&oh=00_AfBchlQpsmKYW1CFNjkBl63-k7ywxUgG88nYAU7xgAkptQ&oe=639420BE&_nc_sid=282b66,false
49861573101,its_me_akshada14,akshadaüíú,https://instagram.fblr20-1.fna.fbcdn.net/v/t51.2885-19/308314101_2140970079438417_5112053778433812345_n.jpg?stp=dst-jpg_s150x150&_nc_ht=instagram.fblr20-1.fna.fbcdn.net&_nc_cat=109&_nc_ohc=gX8Ejut8B8EAX9p6pIr&edm=AOG-cTkBAAAA&ccb=7-5&oh=00_AfDpRBlq3TB1jIYC9gSuN1wREZhWhY5-4PzqDkzRBBxXCQ&oe=63936B8E&_nc_sid=282b66,false
52170566486,anikethk1,Aniketh,https://instagram.fblr20-2.fna.fbcdn.net/v/t51.2885-19/314992083_642044757402244_5078934245728265641_n.jpg?stp=dst-jpg_s150x150&_nc_ht=instagram.fblr20-2.fna.fbcdn.net&_nc_cat=104&_nc_ohc=_6EbupHv9hIAX-gKz_N&edm=AOG-cTkBAAAA&ccb=7-5&oh=00_AfCYgms5yidIhvQhcsfGtwD75Jiso3Mz1h4FsN9pM4Ck-w&oe=63949B0D&_nc_sid=282b66,false
55251868525,thornes_n_roses,simran kaurüñ§,https://instagram.fblr20-3.fna.fbcdn.net/v/t51.2885-19/317596548_1292693711272205_2764309596876708523_n.jpg?stp=dst-jpg_s150x150&_nc_ht=instagram.fblr20-3.fna.fbcdn.net&_nc_cat=105&_nc_ohc=cLeDB6Zwx5sAX_b4vTX&edm=AOG-cTkBAAAA&ccb=7-5&oh=00_AfDVk0LYtLLV6xlrSFHVwtDBxFygOfMi3f5dank6iYNVLg&oe=639399AD&_nc_sid=282b66,false
52374462143,kavacolaa,Kavya,https://instagram.fblr20-1.fna.fbcdn.net/v/t51.2885-19/316582399_655943582674112_7240674954473586734_n.jpg?stp=dst-jpg_s150x150&_nc_ht=instagram.fblr20-1.fna.fbcdn.net&_nc_cat=108&_nc_ohc=-vqdCVLXb68AX8sRi_u&edm=AOG-cTkBAAAA&ccb=7-5&oh=00_AfDAWYnCCgKGXzpjchAndf8TuYmIirH7pxMaeDMrhZq8FQ&oe=63939DC5&_nc_sid=282b66,false
55792427935,avvd_7,Abhinav,https://scontent-itm1-1.cdninstagram.com/v/t51.2885-19/44884218_345707102882519_2446069589734326272_n.jpg?_nc_ht=scontent-itm1-1.cdninstagram.com&_nc_cat=1&_nc_ohc=uM88MCE8Dx4AX_GNUt_&edm=ALlQn9MBAAAA&ccb=7-5&ig_cache_key=YW5vbnltb3VzX3Byb2ZpbGVfcGlj.2-ccb7-5&oh=00_AfCTt_q3eN9iTLElNglpqxWazp407gR-xgSsEtF62bnz4g&oe=6394944F&_nc_sid=48a2a6,false
55611940268,nikkspvt01,Xyz,https://scontent-itm1-1.cdninstagram.com/v/t51.2885-19/44884218_345707102882519_2446069589734326272_n.jpg?_nc_ht=scontent-itm1-1.cdninstagram.com&_nc_cat=1&_nc_ohc=uM88MCE8Dx4AX_GNUt_&edm=ALlQn9MBAAAA&ccb=7-5&ig_cache_key=YW5vbnltb3VzX3Byb2ZpbGVfcGlj.2-ccb7-5&oh=00_AfCTt_q3eN9iTLElNglpqxWazp407gR-xgSsEtF62bnz4g&oe=6394944F&_nc_sid=48a2a6,false
55446658279,priyabhusare85162022,Its_me_piyu95032,https://scontent-itm1-1.cdninstagram.com/v/t51.2885-19/44884218_345707102882519_2446069589734326272_n.jpg?_nc_ht=scontent-itm1-1.cdninstagram.com&_nc_cat=1&_nc_ohc=uM88MCE8Dx4AX_GNUt_&edm=ALlQn9MBAAAA&ccb=7-5&ig_cache_key=YW5vbnltb3VzX3Byb2ZpbGVfcGlj.2-ccb7-5&oh=00_AfCTt_q3eN9iTLElNglpqxWazp407gR-xgSsEtF62bnz4g&oe=6394944F&_nc_sid=48a2a6,false
54512379926,apekshagirme03,Apeksha Girme,https://instagram.fblr20-1.fna.fbcdn.net/v/t51.2885-19/309352853_812756093211475_6287825780344501564_n.jpg?stp=dst-jpg_s150x150&_nc_ht=instagram.fblr20-1.fna.fbcdn.net&_nc_cat=107&_nc_ohc=HV87JaRlQZkAX9ZVKqA&tn=uUIEOepx0q4Jbq90&edm=AOG-cTkBAAAA&ccb=7-5&oh=00_AfDlpfDDF7ltdkSrc_pVC0zO8xeBshHUngE5sW5CSo6FYQ&oe=6393EB69&_nc_sid=282b66,false
5990705022,__pratham_2304_,Pratham Gangwal,https://instagram.fblr20-2.fna.fbcdn.net/v/t51.2885-19/317188215_871309884039858_2925815592232921566_n.jpg?stp=dst-jpg_s150x150&_nc_ht=instagram.fblr20-2.fna.fbcdn.net&_nc_cat=106&_nc_ohc=9cpNoi9_9RAAX_kkf2l&edm=AOG-cTkBAAAA&ccb=7-5&oh=00_AfA9QQ14dXOqIZmgLUcog1P1q1uy6YdgYT7AxGUhGwLYjQ&oe=6394DE98&_nc_sid=282b66,false
5668362006,rajlaxmi_chavan,Rajlaxmi Chavan,https://instagram.fblr20-1.fna.fbcdn.net/v/t51.2885-19/317653153_804701193943820_7617322454175654903_n.jpg?stp=dst-jpg_s150x150&_nc_ht=instagram.fblr20-1.fna.fbcdn.net&_nc_cat=108&_nc_ohc=FzEOCBhEM0wAX9FzpC_&edm=AOG-cTkBAAAA&ccb=7-5&oh=00_AfAo64bFdOGTn_wMMbupjKCeCDGgEEDC1o-f7_c2geC4Fg&oe=63939255&_nc_sid=282b66,false
35601615283,jagruthi_jadhu,Jagruthi Mannepalli,https://instagram.fblr20-2.fna.fbcdn.net/v/t51.2885-19/312833530_824986482156182_6636903240303031744_n.jpg?stp=dst-jpg_s150x150&_nc_ht=instagram.fblr20-2.fna.fbcdn.net&_nc_cat=102&_nc_ohc=BB8ZM8wQrTkAX_bdlpY&edm=AOG-cTkBAAAA&ccb=7-5&oh=00_AfBhbuDIEfM4ORa7kVePV4SmHf86SpFp1eh66phVL3kXEg&oe=6394B8AD&_nc_sid=282b66,false
52616541629,s8ul_face_cam,Ashutosh Thakur,https://instagram.fblr20-3.fna.fbcdn.net/v/t51.2885-19/297061253_579263096997341_6265028862976879340_n.jpg?stp=dst-jpg_s150x150&_nc_ht=instagram.fblr20-3.fna.fbcdn.net&_nc_cat=105&_nc_ohc=8ahn04bs6K4AX8u2qad&edm=AOG-cTkBAAAA&ccb=7-5&oh=00_AfDZCTPxPtjA15oxCRF7IaIdqdsYr_Xvyg_2F8prlRW57g&oe=6393DEB3&_nc_sid=282b66,false
28426203054,vaishnavidawange_1536,vaishnavi dawange,https://instagram.fblr20-1.fna.fbcdn.net/v/t51.2885-19/279163402_529042425448678_5822559813494705873_n.jpg?stp=dst-jpg_s150x150&_nc_ht=instagram.fblr20-1.fna.fbcdn.net&_nc_cat=110&_nc_ohc=28yQOG_1Q50AX9nyjzZ&edm=AOG-cTkBAAAA&ccb=7-5&oh=00_AfBOVxClJRc4xS9YIfuCBWX3xXQRjuBmyAzGXb2zW3BLMw&oe=639421B1&_nc_sid=282b66,false
47329804919,vijayarvinds,Vijay Arvind S,https://instagram.fblr20-1.fna.fbcdn.net/v/t51.2885-19/306935176_505249808104113_7718364727741403811_n.jpg?stp=dst-jpg_s150x150&_nc_ht=instagram.fblr20-1.fna.fbcdn.net&_nc_cat=109&_nc_ohc=YSeNhOiyV9QAX_sYaxk&edm=AOG-cTkBAAAA&ccb=7-5&oh=00_AfAOQV0pZXlZtJmuheOMG5vJaX844DBR398W62acOparlw&oe=63942ACB&_nc_sid=282b66,false
55509398918,aryamanagrawalll,Aryaman Agrawal,https://instagram.fblr20-2.fna.fbcdn.net/v/t51.2885-19/311769000_123373730509506_4437559153798680626_n.jpg?stp=dst-jpg_s150x150&_nc_ht=instagram.fblr20-2.fna.fbcdn.net&_nc_cat=106&_nc_ohc=O6VVFyn8QrEAX-NL8Yp&edm=AOG-cTkBAAAA&ccb=7-5&oh=00_AfCc6cPcKd5Dny4hrO3Cr97wazFGjeshLAYFdMRdQABXjg&oe=63940606&_nc_sid=282b66,false
55161044254,sushkl_,Sushant,https://instagram.fblr20-1.fna.fbcdn.net/v/t51.2885-19/307764232_157912373521159_296316609473909226_n.jpg?stp=dst-jpg_s150x150&_nc_ht=instagram.fblr20-1.fna.fbcdn.net&_nc_cat=107&_nc_ohc=3R9unsI5HpQAX_hw5ur&edm=AOG-cTkBAAAA&ccb=7-5&oh=00_AfBof5p-DKQlvvE-ws7cLV8iR2qVQhkag-UYoGEzu0yaCw&oe=6393BE97&_nc_sid=282b66,false
49314685559,shhh.agw,Ishan Agrawal,https://instagram.fblr20-2.fna.fbcdn.net/v/t51.2885-19/313784385_448911887382491_7309560630373271393_n.jpg?stp=dst-jpg_s150x150&_nc_ht=instagram.fblr20-2.fna.fbcdn.net&_nc_cat=111&_nc_ohc=9D9etuY9FkcAX-He47s&edm=AOG-cTkBAAAA&ccb=7-5&oh=00_AfBnsz9dbs46qAY9cIXCJQ3gqNcAvxKwVgCwm-IY-mo8qA&oe=6393DBA3&_nc_sid=282b66,false
6987870295,_.arushhgupta._,,https://instagram.fblr20-1.fna.fbcdn.net/v/t51.2885-19/279079252_1065134490739054_3724360743261962111_n.jpg?stp=dst-jpg_s150x150&_nc_ht=instagram.fblr20-1.fna.fbcdn.net&_nc_cat=110&_nc_ohc=Sp4Xu9yVkQ8AX9Os82K&tn=uUIEOepx0q4Jbq90&edm=AOG-cTkBAAAA&ccb=7-5&oh=00_AfDPfww6K1nBlgJkoYzFX2HBoLBvKPlUOcNwFOGNDcsSIQ&oe=6393D68A&_nc_sid=282b66,false
53212641853,_janviii_24,Janvi Gondkar,https://instagram.fblr20-1.fna.fbcdn.net/v/t51.2885-19/313890200_674545427566581_8562364609758757725_n.jpg?stp=dst-jpg_s150x150&_nc_ht=instagram.fblr20-1.fna.fbcdn.net&_nc_cat=109&_nc_ohc=sVnaVKMe4EYAX_3hMY6&edm=AOG-cTkBAAAA&ccb=7-5&oh=00_AfDhyF_9sLGlpb7QV1f3xmuk-Z7exkXsvkKPmgk9tLBIZA&oe=6393329A&_nc_sid=282b66,false
55471484606,shobhit_mata,Shobhit mata,https://instagram.fblr20-1.fna.fbcdn.net/v/t51.2885-19/306341479_4970011419771656_7733350778550529186_n.jpg?stp=dst-jpg_s150x150&_nc_ht=instagram.fblr20-1.fna.fbcdn.net&_nc_cat=108&_nc_ohc=3ld43aMXUSgAX8Ey38O&edm=AOG-cTkBAAAA&ccb=7-5&oh=00_AfA8kziaD16qVKkMiqv4QD4JZ2t6Gt1gH5yBc1M5oHUVrw&oe=63946A3B&_nc_sid=282b66,false
54322427387,shrushti_manjare_,Payal Manjare,https://instagram.fblr20-3.fna.fbcdn.net/v/t51.2885-19/293366577_580187773665171_7334252682238133059_n.jpg?stp=dst-jpg_s150x150&_nc_ht=instagram.fblr20-3.fna.fbcdn.net&_nc_cat=103&_nc_ohc=Iic0Oh0jY-0AX-b8S8q&tn=uUIEOepx0q4Jbq90&edm=AOG-cTkBAAAA&ccb=7-5&oh=00_AfBUlXREVQ8NVBvCmfm__LXMmU3HUiC7iqKehphJGjn57g&oe=63949187&_nc_sid=282b66,false
52948927325,shrishh_06,shrish,https://instagram.fblr20-2.fna.fbcdn.net/v/t51.2885-19/306686344_192058473263522_7414379074069547041_n.jpg?stp=dst-jpg_s150x150&_nc_ht=instagram.fblr20-2.fna.fbcdn.net&_nc_cat=102&_nc_ohc=3dVEtmCjypkAX8Os05e&edm=AOG-cTkBAAAA&ccb=7-5&oh=00_AfCB4wzb61Yennrld7a2fLyXefxOwUQnyYgcj_6zPvaa2g&oe=6394D82D&_nc_sid=282b66,false
50142975036,rajiv._.44,rajiv,https://instagram.fblr20-1.fna.fbcdn.net/v/t51.2885-19/301420626_1170178906935526_5801075385460389276_n.jpg?stp=dst-jpg_s150x150&_nc_ht=instagram.fblr20-1.fna.fbcdn.net&_nc_cat=110&_nc_ohc=5I99wGWwgcUAX-OBxG4&edm=AOG-cTkBAAAA&ccb=7-5&oh=00_AfBu5b64xxTv2zkm68nlOw2JKI9WdIz4YMN3pDzA0Vt8Xw&oe=63949D7F&_nc_sid=282b66,false
54085340148,top_dawg_chirag,Chirag Gowda,https://instagram.fblr20-3.fna.fbcdn.net/v/t51.2885-19/293148395_585425159639129_4154926896604825234_n.jpg?stp=dst-jpg_s150x150&_nc_ht=instagram.fblr20-3.fna.fbcdn.net&_nc_cat=105&_nc_ohc=L_GA1PTDDoMAX9t7uhN&edm=AOG-cTkBAAAA&ccb=7-5&oh=00_AfCLylRR3uRm2t4ZLr7DdvkFc-xsmjMNghuC3-jfG8lZog&oe=63933868&_nc_sid=282b66,false
49617010008,yummytummyrestro,YummyTummyRestaurant,https://instagram.fblr20-1.fna.fbcdn.net/v/t51.2885-19/244455379_881248845860302_7275515984164790102_n.jpg?stp=dst-jpg_s150x150&_nc_ht=instagram.fblr20-1.fna.fbcdn.net&_nc_cat=110&_nc_ohc=0G_-UYky0LUAX_IHFTJ&edm=AOG-cTkBAAAA&ccb=7-5&oh=00_AfDc42iFalsAfytQyB5l6RHYZmIJcUMK8HUYAI6yvPcCCw&oe=6393AE71&_nc_sid=282b66,false
51143085103,kishersager,Namrata pratik kshirsagar,https://instagram.fdel11-3.fna.fbcdn.net/v/t51.2885-19/44884218_345707102882519_2446069589734326272_n.jpg?efg=eyJybWQiOiJpZ19hbmRyb2lkX21vYmlsZV9uZXR3b3JrX3N0YWNrX3VubGltaXRlZF9yZXF1ZXN0c19wZXJfaHR0cDJfY29ubmVjdGlvbjp0aWdvbl9saWdlciJ9&_nc_ht=instagram.fdel11-3.fna.fbcdn.net&_nc_cat=1&_nc_ohc=uM88MCE8Dx4AX_yXfMB&edm=AEVnrqQBAAAA&ccb=7-5&ig_cache_key=YW5vbnltb3VzX3Byb2ZpbGVfcGlj.2-ccb7-5&oh=00_AfAnR4bw72SOzNQONPtwFlItrfxp7Yy504aYDFu_rdS4cg&oe=6394944F&_nc_sid=3ae735,false
8186264505,yuvhingarh,,https://instagram.fblr20-3.fna.fbcdn.net/v/t51.2885-19/317208213_173647895273417_2770811384474604181_n.jpg?stp=dst-jpg_s150x150&_nc_ht=instagram.fblr20-3.fna.fbcdn.net&_nc_cat=105&_nc_ohc=BDtsb-yaHMQAX8FZKT0&edm=AOG-cTkBAAAA&ccb=7-5&oh=00_AfBwVLchcKhaACmRAEdDxkx47zjevgVj41cVpgbg8CDqAg&oe=639390EF&_nc_sid=282b66,false
35918817126,mithillokesh,Mithil Lokesh,https://instagram.fblr20-2.fna.fbcdn.net/v/t51.2885-19/300066825_560020609241891_1789193769988134684_n.jpg?stp=dst-jpg_s150x150&_nc_ht=instagram.fblr20-2.fna.fbcdn.net&_nc_cat=111&_nc_ohc=GVuP_An5ckIAX_j1jDU&tn=uUIEOepx0q4Jbq90&edm=AOG-cTkBAAAA&ccb=7-5&oh=00_AfCVBZFwsnWahMG3IDKx0cN0bsElTGyv-foS0fU3-xA-6w&oe=63946A70&_nc_sid=282b66,false
5880211588,prayush_2496,PRAYUSH,https://instagram.fblr20-3.fna.fbcdn.net/v/t51.2885-19/305701436_859132098313332_559418406605334386_n.jpg?stp=dst-jpg_s150x150&_nc_ht=instagram.fblr20-3.fna.fbcdn.net&_nc_cat=100&_nc_ohc=iNgp1wAVaHcAX_q4Syz&edm=AOG-cTkBAAAA&ccb=7-5&oh=00_AfAkrZLpygH1VL783-nepxvXXGsXXt--ZesaSfOdtmq66w&oe=63936C18&_nc_sid=282b66,false
8271343716,lenorawrr,lenora ü´∂,https://instagram.fblr20-1.fna.fbcdn.net/v/t51.2885-19/273255681_4528768503917229_5300620011415373615_n.jpg?stp=dst-jpg_s150x150&_nc_ht=instagram.fblr20-1.fna.fbcdn.net&_nc_cat=109&_nc_ohc=VBbtm9ou1msAX9FT1_Z&edm=AOG-cTkBAAAA&ccb=7-5&oh=00_AfAQVimz7CqqjpE8-RoPrRCia2lhkbGA6bM_xl7GvaytSg&oe=6394DE7C&_nc_sid=282b66,false
54503160813,dhyan_xd,,https://instagram.fblr20-1.fna.fbcdn.net/v/t51.2885-19/317883243_1350060615792514_7890424511524290370_n.jpg?stp=dst-jpg_s150x150&_nc_ht=instagram.fblr20-1.fna.fbcdn.net&_nc_cat=110&_nc_ohc=jlc55LGF82AAX9DYv_m&tn=uUIEOepx0q4Jbq90&edm=AOG-cTkBAAAA&ccb=7-5&oh=00_AfAmDMfCOyJEBknXztH5nsP38pNWrH71RzBcaou90_LVrw&oe=6393EFC9&_nc_sid=282b66,false
53381743527,ramesh__s__9353,RaMESH_S,https://instagram.fblr20-3.fna.fbcdn.net/v/t51.2885-19/300937735_468201585170137_7183803381755883710_n.jpg?stp=dst-jpg_s150x150&_nc_ht=instagram.fblr20-3.fna.fbcdn.net&_nc_cat=101&_nc_ohc=5NlJxKOmh9oAX-BSxYc&edm=AOG-cTkBAAAA&ccb=7-5&oh=00_AfDE2hnBH2lTRM1pM5UG_kWcx54Y3H5IjITVmxugYvVcFA&oe=6394FE90&_nc_sid=282b66,false
44720016034,swanandgardi,Swananad,https://instagram.fblr20-2.fna.fbcdn.net/v/t51.2885-19/311974476_1742448086134482_3821639588242711868_n.jpg?stp=dst-jpg_s150x150&_nc_ht=instagram.fblr20-2.fna.fbcdn.net&_nc_cat=106&_nc_ohc=kzqDI-AFeScAX9Hdm5L&edm=AOG-cTkBAAAA&ccb=7-5&oh=00_AfB65LcQTcrKskSdU-6wZ-AXY00uEfSrn0wnSPdJ-peQ7Q&oe=6393C7A7&_nc_sid=282b66,false
54963619091,samatas_confession,,https://instagram.fdel11-3.fna.fbcdn.net/v/t51.2885-19/44884218_345707102882519_2446069589734326272_n.jpg?efg=eyJybWQiOiJpZ19hbmRyb2lkX21vYmlsZV9uZXR3b3JrX3N0YWNrX3VubGltaXRlZF9yZXF1ZXN0c19wZXJfaHR0cDJfY29ubmVjdGlvbjp0aWdvbl9saWdlciJ9&_nc_ht=instagram.fdel11-3.fna.fbcdn.net&_nc_cat=1&_nc_ohc=uM88MCE8Dx4AX_yXfMB&edm=AEVnrqQBAAAA&ccb=7-5&ig_cache_key=YW5vbnltb3VzX3Byb2ZpbGVfcGlj.2-ccb7-5&oh=00_AfAnR4bw72SOzNQONPtwFlItrfxp7Yy504aYDFu_rdS4cg&oe=6394944F&_nc_sid=3ae735,false
39739375622,_vijitht,vijith tirumaladas,https://instagram.fblr20-2.fna.fbcdn.net/v/t51.2885-19/312629018_1180547562867750_268823509851084453_n.jpg?stp=dst-jpg_s150x150&_nc_ht=instagram.fblr20-2.fna.fbcdn.net&_nc_cat=106&_nc_ohc=OKgS4Gr_4wQAX-OmuW2&edm=AOG-cTkBAAAA&ccb=7-5&oh=00_AfBz95aRZmy3hu8E-u2Cjkn1D0LrfCvKNvrfjBZ3GgKA1w&oe=6394EC9D&_nc_sid=282b66,false
31810168207,thesanjanabhutada,Sanjana üå∏,https://instagram.fblr20-1.fna.fbcdn.net/v/t51.2885-19/311644853_1011282043039510_6930794267106355330_n.jpg?stp=dst-jpg_s150x150&_nc_ht=instagram.fblr20-1.fna.fbcdn.net&_nc_cat=110&_nc_ohc=QKXBJ5FTS2wAX8NqTHp&edm=AOG-cTkBAAAA&ccb=7-5&oh=00_AfAhWx0bXfWpDYGwHHfzgPboB3iyNqF_GFcTIDGtRB2HHQ&oe=63947CF5&_nc_sid=282b66,false
10426535892,aditya__joshi12,A D I,https://instagram.fblr20-3.fna.fbcdn.net/v/t51.2885-19/283630102_962597847759689_4725448358823012783_n.jpg?stp=dst-jpg_s150x150&_nc_ht=instagram.fblr20-3.fna.fbcdn.net&_nc_cat=105&_nc_ohc=R73XwqR3stwAX-cX6kb&edm=AOG-cTkBAAAA&ccb=7-5&oh=00_AfCZ3lLcW8RETs_QVp6mUhS53gmq7r6FQDFYa6-x7uPUVg&oe=63943745&_nc_sid=282b66,false
44295608736,mithunspam,,https://instagram.fblr20-1.fna.fbcdn.net/v/t51.2885-19/299870077_646555353160413_6795497211909238544_n.jpg?stp=dst-jpg_s150x150&_nc_ht=instagram.fblr20-1.fna.fbcdn.net&_nc_cat=109&_nc_ohc=hMOtuhqEdfUAX8zLGLC&edm=AOG-cTkBAAAA&ccb=7-5&oh=00_AfB1ppTt7b6jV2QTBsVQ2Q65d8h1Ye8geIwW0NyRMBl91Q&oe=6395141D&_nc_sid=282b66,false
45978545314,lodhadeep1,deep,https://instagram.fblr20-2.fna.fbcdn.net/v/t51.2885-19/297788348_104254305663203_1682962346776548143_n.jpg?stp=dst-jpg_s150x150&_nc_ht=instagram.fblr20-2.fna.fbcdn.net&_nc_cat=111&_nc_ohc=pzo-TDItN3MAX9mK8y8&edm=AOG-cTkBAAAA&ccb=7-5&oh=00_AfCee-80HDxud71Fr3CTozNohVBVaaVsAbTD5VUQlqwJ-A&oe=6393C086&_nc_sid=282b66,false
6421364508,samiksha_runwal,SAMIKSHA,https://instagram.fblr20-1.fna.fbcdn.net/v/t51.2885-19/309270235_528737235677397_7893614964658388281_n.jpg?stp=dst-jpg_s150x150&_nc_ht=instagram.fblr20-1.fna.fbcdn.net&_nc_cat=109&_nc_ohc=QkFCCftJT9AAX8ZTKrQ&edm=AOG-cTkBAAAA&ccb=7-5&oh=00_AfDNLZFE89ZQzDpjPXENOisw0e9ncxDIZP_Yv6Wjq77i8g&oe=6393733A&_nc_sid=282b66,false
52407874308,nived_163,Nived,https://instagram.fdel11-3.fna.fbcdn.net/v/t51.2885-19/44884218_345707102882519_2446069589734326272_n.jpg?efg=eyJybWQiOiJpZ19hbmRyb2lkX21vYmlsZV9uZXR3b3JrX3N0YWNrX3VubGltaXRlZF9yZXF1ZXN0c19wZXJfaHR0cDJfY29ubmVjdGlvbjp0aWdvbl9saWdlciJ9&_nc_ht=instagram.fdel11-3.fna.fbcdn.net&_nc_cat=1&_nc_ohc=uM88MCE8Dx4AX_yXfMB&edm=AEVnrqQBAAAA&ccb=7-5&ig_cache_key=YW5vbnltb3VzX3Byb2ZpbGVfcGlj.2-ccb7-5&oh=00_AfAnR4bw72SOzNQONPtwFlItrfxp7Yy504aYDFu_rdS4cg&oe=6394944F&_nc_sid=3ae735,false
29611175565,7neel_n7,Neel Narayan,https://instagram.fblr20-3.fna.fbcdn.net/v/t51.2885-19/244012983_978422036055161_460020870058718779_n.jpg?stp=dst-jpg_s150x150&_nc_ht=instagram.fblr20-3.fna.fbcdn.net&_nc_cat=105&_nc_ohc=TeYoFJgQllQAX9AP6Qp&edm=AOG-cTkBAAAA&ccb=7-5&oh=00_AfBDHO2kfeZqlYYL49_rWKGRthPQJO2yxRZ7RJ2iFu3xYQ&oe=6393E1F9&_nc_sid=282b66,false
6267219798,aminmoksh,Moksh Amin,https://instagram.fblr20-3.fna.fbcdn.net/v/t51.2885-19/291511093_1384552138715533_401146719055842503_n.jpg?stp=dst-jpg_s150x150&_nc_ht=instagram.fblr20-3.fna.fbcdn.net&_nc_cat=101&_nc_ohc=a6QT_QXOs-QAX_f6IXq&edm=AOG-cTkBAAAA&ccb=7-5&oh=00_AfDrc3SWyD94vbbtjtYq55xXqsrKKkN327KUrBBPvCQ0nQ&oe=63946412&_nc_sid=282b66,false
54388358268,ajinkya_1_,Ajinkya,https://instagram.fblr20-1.fna.fbcdn.net/v/t51.2885-19/310725023_511920113644243_7149516782947020544_n.jpg?stp=dst-jpg_s150x150&_nc_ht=instagram.fblr20-1.fna.fbcdn.net&_nc_cat=107&_nc_ohc=D0hhSofh4-AAX-zhlDA&edm=AOG-cTkBAAAA&ccb=7-5&oh=00_AfDh7KAeDd6eZCQRkoWYHW8K6Zd4LQgLXBPekqxVbxsX7Q&oe=6394EBDA&_nc_sid=282b66,false
18322342204,soniya.malpani,Soniya ‚ô°,https://instagram.fblr20-2.fna.fbcdn.net/v/t51.2885-19/286169464_118153427572094_5975926501709485175_n.jpg?stp=dst-jpg_s150x150&_nc_ht=instagram.fblr20-2.fna.fbcdn.net&_nc_cat=102&_nc_ohc=0jWM76bI8hkAX97Yokc&edm=AOG-cTkBAAAA&ccb=7-5&oh=00_AfDbY7hEAqDi8ViIS4SZ_AiObpb_7dxd0KFV1wgP3cIP2g&oe=6395045D&_nc_sid=282b66,false
18843153957,akshat_30.07,Akshat Thole,https://instagram.fblr20-3.fna.fbcdn.net/v/t51.2885-19/313062263_671563841203584_3888660217621402656_n.jpg?stp=dst-jpg_s150x150&_nc_ht=instagram.fblr20-3.fna.fbcdn.net&_nc_cat=100&_nc_ohc=83SzJmva4woAX8HEcGc&edm=AOG-cTkBAAAA&ccb=7-5&oh=00_AfCAE6ObgnaGX-o0Vzb-joIyab47z5UwsrBRtfaTnQ5NYg&oe=63945681&_nc_sid=282b66,false
5423704291,deepali43999,Deepali Kothari,https://instagram.fblr20-1.fna.fbcdn.net/v/t51.2885-19/135273530_5580525485306696_8464216765396006843_n.jpg?stp=dst-jpg_s150x150&_nc_ht=instagram.fblr20-1.fna.fbcdn.net&_nc_cat=108&_nc_ohc=4iKaKccCYdIAX90Eygw&edm=AOG-cTkBAAAA&ccb=7-5&oh=00_AfCT6eSfoFfJi9vFL_d7nWGN-Li6i5hPP-LKE8_Tl7TAVg&oe=639415C3&_nc_sid=282b66,false
27648171413,aashrit_11,aashrit kalani,https://instagram.fblr20-1.fna.fbcdn.net/v/t51.2885-19/274753949_1259094914581544_8165718607066583410_n.jpg?stp=dst-jpg_s150x150&_nc_ht=instagram.fblr20-1.fna.fbcdn.net&_nc_cat=108&_nc_ohc=zKHdrZDYq0gAX9wpHaE&tn=uUIEOepx0q4Jbq90&edm=AOG-cTkBAAAA&ccb=7-5&oh=00_AfD1UweH1uCWxDuZgRUobNl-WOiY-S0dGu3el0PIUYaXiQ&oe=639440FE&_nc_sid=282b66,false
1646729298,bhumichandnani,Bhumi Chandnani,https://instagram.fblr20-2.fna.fbcdn.net/v/t51.2885-19/223026749_1024753304935000_3343975750461051323_n.jpg?stp=dst-jpg_s150x150&_nc_ht=instagram.fblr20-2.fna.fbcdn.net&_nc_cat=104&_nc_ohc=1-i-eMjpBu4AX_3swsu&edm=AOG-cTkBAAAA&ccb=7-5&oh=00_AfDR8hfJFQgdpYzzZE-SkVJMfPSvyA5iCbEhoCf3Ime0wg&oe=6393D22A&_nc_sid=282b66,false
26711179960,pratyushmetgud,,https://instagram.fdel11-3.fna.fbcdn.net/v/t51.2885-19/44884218_345707102882519_2446069589734326272_n.jpg?efg=eyJybWQiOiJpZ19hbmRyb2lkX21vYmlsZV9uZXR3b3JrX3N0YWNrX3VubGltaXRlZF9yZXF1ZXN0c19wZXJfaHR0cDJfY29ubmVjdGlvbjp0aWdvbl9saWdlciJ9&_nc_ht=instagram.fdel11-3.fna.fbcdn.net&_nc_cat=1&_nc_ohc=uM88MCE8Dx4AX_yXfMB&edm=AEVnrqQBAAAA&ccb=7-5&ig_cache_key=YW5vbnltb3VzX3Byb2ZpbGVfcGlj.2-ccb7-5&oh=00_AfAnR4bw72SOzNQONPtwFlItrfxp7Yy504aYDFu_rdS4cg&oe=6394944F&_nc_sid=3ae735,false
7795144298,rahulp.__,üåô,https://instagram.fblr20-1.fna.fbcdn.net/v/t51.2885-19/310586718_655376769252514_7231349511843865159_n.jpg?stp=dst-jpg_s150x150&_nc_ht=instagram.fblr20-1.fna.fbcdn.net&_nc_cat=110&_nc_ohc=kRVhjDtjc8UAX8Xirmc&tn=uUIEOepx0q4Jbq90&edm=AOG-cTkBAAAA&ccb=7-5&oh=00_AfAJMS0ICWlA0NJeked96XEexZXNtAmqBTy7wHtJKjMJ3w&oe=6393B30C&_nc_sid=282b66,false
52483821976,_scoresnsaves,Scores N Saves,https://instagram.fblr20-2.fna.fbcdn.net/v/t51.2885-19/278058937_667017057902454_6758368575210976037_n.jpg?stp=dst-jpg_s150x150&_nc_ht=instagram.fblr20-2.fna.fbcdn.net&_nc_cat=106&_nc_ohc=VUXHXOHSuzMAX8TWeap&edm=AOG-cTkBAAAA&ccb=7-5&oh=00_AfAshSGi-9Jtmqagm1xOovq8gyHV138cjwCkqGJEBO7F0A&oe=63948295&_nc_sid=282b66,false
5927224051,mithun.reddyy,Mithun Reddy,https://instagram.fblr20-2.fna.fbcdn.net/v/t51.2885-19/296167406_467430925383026_2581007817403229826_n.jpg?stp=dst-jpg_s150x150&_nc_ht=instagram.fblr20-2.fna.fbcdn.net&_nc_cat=102&_nc_ohc=9d0Cgl5m0wEAX-vbUaQ&edm=AOG-cTkBAAAA&ccb=7-5&oh=00_AfCkr_F_2Mw87duMU8z-WvrYheRtuKSMK8O9gBICccQylA&oe=6394717F&_nc_sid=282b66,false
32092188985,samanth_bhoopalam,Samanth Bhoopalam,https://instagram.fblr20-3.fna.fbcdn.net/v/t51.2885-19/312745530_705517777071193_1286372121925991957_n.jpg?stp=dst-jpg_s150x150&_nc_ht=instagram.fblr20-3.fna.fbcdn.net&_nc_cat=101&_nc_ohc=-pvrqKqToKMAX8LWeS0&edm=AOG-cTkBAAAA&ccb=7-5&oh=00_AfBc2AaBp7zYCZNvHN7wkfXsQ51eAkf7Xg1gx_mP5lySkg&oe=6393CE64&_nc_sid=282b66,false
7411699845,prapanch.k,Prapanch Kannan,https://instagram.fblr20-1.fna.fbcdn.net/v/t51.2885-19/293124355_378037144252641_8665251153863819834_n.jpg?stp=dst-jpg_s150x150&_nc_ht=instagram.fblr20-1.fna.fbcdn.net&_nc_cat=109&_nc_ohc=WOXDVN6pmzMAX-IRU-L&edm=AOG-cTkBAAAA&ccb=7-5&oh=00_AfC5Np3r6C-QmKrSGpSR3a5aNB40d8ujFLck8bxp9Tmzmg&oe=6394C275&_nc_sid=282b66,false
48357763286,ashrith_rajasagi,Ashrith,https://instagram.fblr20-1.fna.fbcdn.net/v/t51.2885-19/295756790_744280230236734_2783700265107772711_n.jpg?stp=dst-jpg_s150x150&_nc_ht=instagram.fblr20-1.fna.fbcdn.net&_nc_cat=110&_nc_ohc=g6CLxUgWHLIAX_YV6uj&edm=AOG-cTkBAAAA&ccb=7-5&oh=00_AfC9yuW7VtlBMC2XMC3YV-f0HlGpkmqQdNIHc1IIg9glkQ&oe=639334F5&_nc_sid=282b66,false
15050584838,praptiii_37,P R A P T I ‚ô°,https://instagram.fblr20-2.fna.fbcdn.net/v/t51.2885-19/316981814_870009790811226_5697874217292910289_n.jpg?stp=dst-jpg_s150x150&_nc_ht=instagram.fblr20-2.fna.fbcdn.net&_nc_cat=106&_nc_ohc=4IgLC7Wabu8AX_qj5LW&tn=uUIEOepx0q4Jbq90&edm=AOG-cTkBAAAA&ccb=7-5&oh=00_AfDEla9CvNWRHJekeA7o6KtgmXeK_p2Q51Ttb5BQMpc9PQ&oe=6393408E&_nc_sid=282b66,false
13593529089,adhavjanhavi,Janhavi Adhav,https://instagram.fblr20-2.fna.fbcdn.net/v/t51.2885-19/58410931_2297061860554919_3117203240991588352_n.jpg?stp=dst-jpg_s150x150&_nc_ht=instagram.fblr20-2.fna.fbcdn.net&_nc_cat=111&_nc_ohc=6USVZ6Dht8UAX_-S5P-&edm=AOG-cTkBAAAA&ccb=7-5&oh=00_AfB972NXpW0JMRLBJfR2jnziys1Iv-dwoYcmg-emQBnoSg&oe=63944F8D&_nc_sid=282b66,false
54158346604,ruprao.n,Ruprao Nemade,https://instagram.fblr20-3.fna.fbcdn.net/v/t51.2885-19/295658361_1019608382048297_1698171166514431446_n.jpg?stp=dst-jpg_s150x150&_nc_ht=instagram.fblr20-3.fna.fbcdn.net&_nc_cat=105&_nc_ohc=DYrLmkn8aFMAX-RMTEn&edm=AOG-cTkBAAAA&ccb=7-5&oh=00_AfCr5QXGvMSkiNnIHJVXz-2_t7aiuLrDj0F6lhkNnYDvog&oe=63946DAF&_nc_sid=282b66,false
6137278777,kri_that_humour,Krithath Rohamare,https://instagram.fblr20-2.fna.fbcdn.net/v/t51.2885-19/292560335_7716865301689115_3201498985344350756_n.jpg?stp=dst-jpg_s150x150&_nc_ht=instagram.fblr20-2.fna.fbcdn.net&_nc_cat=111&_nc_ohc=VD_kkmOKGToAX_SiNN2&edm=AOG-cTkBAAAA&ccb=7-5&oh=00_AfBGPGQSHiUflUzFUTDDAkdBI6PXaRuNmvIxkMMjC-wF3Q&oe=6393E0BE&_nc_sid=282b66,false
48550381056,pushkartanpure,üëëPushkar Tanpure Patilüëë,https://instagram.fblr20-3.fna.fbcdn.net/v/t51.2885-19/295577206_582594116696316_7233358104197678566_n.jpg?stp=dst-jpg_s150x150&_nc_ht=instagram.fblr20-3.fna.fbcdn.net&_nc_cat=100&_nc_ohc=C5WCRyqHb18AX8unIzE&edm=AOG-cTkBAAAA&ccb=7-5&oh=00_AfB81_78Y_gjQloxGUAdveNorA3nDoVH_ez2XXVHP5m55Q&oe=63939340&_nc_sid=282b66,false
53640480984,jayroopsakhare7,Jayroop Sakhare,https://instagram.fblr20-3.fna.fbcdn.net/v/t51.2885-19/309596183_828620031463933_4631292069070644560_n.jpg?stp=dst-jpg_s150x150&_nc_ht=instagram.fblr20-3.fna.fbcdn.net&_nc_cat=101&_nc_ohc=uSIrOAAMy1oAX_74kak&edm=AOG-cTkBAAAA&ccb=7-5&oh=00_AfDh3dyQweDAz2Bonn6gozYt2KyWnaNK8o1TxQZ598UGzA&oe=63946E4A&_nc_sid=282b66,false
53528742997,mahale.shravni,shravni Mahale,https://instagram.fblr20-2.fna.fbcdn.net/v/t51.2885-19/306968338_625426022348958_7923338233055456290_n.jpg?stp=dst-jpg_s150x150&_nc_ht=instagram.fblr20-2.fna.fbcdn.net&_nc_cat=106&_nc_ohc=vZqxtOuEadQAX-CgOVX&edm=AOG-cTkBAAAA&ccb=7-5&oh=00_AfDvcNcIBVSgYp_ua8krzyiL-5gL-JaH2J75YUGtR7-jtg&oe=6394B49A&_nc_sid=282b66,false
31295214974,pushkar2717,Pushkar Tanpure Patil 2717,https://instagram.fblr20-2.fna.fbcdn.net/v/t51.2885-19/209105604_326355742377510_868230216459443018_n.jpg?stp=dst-jpg_s150x150&_nc_ht=instagram.fblr20-2.fna.fbcdn.net&_nc_cat=106&_nc_ohc=ZAmkCbLb778AX9PNcSA&edm=AOG-cTkBAAAA&ccb=7-5&oh=00_AfBn0JxjHwEo6WHiRmeJuzBYnxvjM3IFkW-4gcNISzLfFg&oe=63945131&_nc_sid=282b66,false
53178515097,anushkaaaa__12,Anushka Nagarkar,https://instagram.fblr20-1.fna.fbcdn.net/v/t51.2885-19/311103573_1561301124334930_6979282601688135467_n.jpg?stp=dst-jpg_s150x150&_nc_ht=instagram.fblr20-1.fna.fbcdn.net&_nc_cat=110&_nc_ohc=lnMBXmWuBeoAX_4wGMn&edm=AOG-cTkBAAAA&ccb=7-5&oh=00_AfDr3Zq20HigjFAdeSyLms3IYjC9Cqk2ZFLHMo-FpSm62w&oe=6393C6DB&_nc_sid=282b66,false
45309328052,sarika_bhutada,Sarika Bhutada,https://instagram.fblr20-3.fna.fbcdn.net/v/t51.2885-19/299903552_856482512427653_3179571545510435152_n.jpg?stp=dst-jpg_s150x150&_nc_ht=instagram.fblr20-3.fna.fbcdn.net&_nc_cat=105&_nc_ohc=iciBBT9J-V0AX8bGxvQ&edm=AOG-cTkBAAAA&ccb=7-5&oh=00_AfDGCDdPOGHBoKcW2-jZA2G2F3W1vz1g2JZ6M93e2ezk8g&oe=63947460&_nc_sid=282b66,false
53523263037,i.g_khushmutha,Khush Mutha,https://instagram.fblr20-1.fna.fbcdn.net/v/t51.2885-19/301012656_637382091354067_1763322493623166668_n.jpg?stp=dst-jpg_s150x150&_nc_ht=instagram.fblr20-1.fna.fbcdn.net&_nc_cat=107&_nc_ohc=4uiIk-AfVZUAX87fmry&edm=AOG-cTkBAAAA&ccb=7-5&oh=00_AfC99KnMOTATQAnPezu1Ulq1vYI2cXYuEkD63S2LIR3zCw&oe=6395046B&_nc_sid=282b66,false
8591155292,aditya_mhase_patil,ùêÄùêÉùêàùêìùêòùêÄ ùêåùêáùêÄùêíùêÑ ùêèùêÄùêìùêàùêã ‚ô•Ô∏èüßø,https://instagram.fblr20-3.fna.fbcdn.net/v/t51.2885-19/300161670_740387923736609_3397336271353413200_n.jpg?stp=dst-jpg_s150x150&_nc_ht=instagram.fblr20-3.fna.fbcdn.net&_nc_cat=105&_nc_ohc=Mj6YRTAS-FUAX8QyilM&edm=AOG-cTkBAAAA&ccb=7-5&oh=00_AfDf9ZAld_g4JsFahwOPv1i82wfQ_E8V1mWecfhhyGtxTQ&oe=639368F8&_nc_sid=282b66,false
51147865363,maithili_kokate,maithili kokate,https://instagram.fblr20-3.fna.fbcdn.net/v/t51.2885-19/274956333_1019551178964480_4837042971584060087_n.jpg?stp=dst-jpg_s150x150&_nc_ht=instagram.fblr20-3.fna.fbcdn.net&_nc_cat=100&_nc_ohc=sNBQPMsXKicAX-NczT7&edm=AOG-cTkBAAAA&ccb=7-5&oh=00_AfCwfG1P7PO4TMH6YfQ5T7fy0onsX0RuPYsUCthZ-Wgaew&oe=63950AFA&_nc_sid=282b66,false
51047396446,the_freedom_traveler021,Ansh Pant,https://instagram.fblr20-2.fna.fbcdn.net/v/t51.2885-19/298250071_2440104609462302_6287545377863943159_n.jpg?stp=dst-jpg_s150x150&_nc_ht=instagram.fblr20-2.fna.fbcdn.net&_nc_cat=102&_nc_ohc=YFHgNSK-5RgAX81ZhIq&edm=AOG-cTkBAAAA&ccb=7-5&oh=00_AfBeOhMq49Hc3HkCDifgtV52aPVXgvaoNXOGdnpJgwaROw&oe=6393E057&_nc_sid=282b66,false
39535504654,jainam_lodha_28,Jainam Lodha,https://instagram.fblr20-3.fna.fbcdn.net/v/t51.2885-19/285100622_605739163857951_2098681893825725886_n.jpg?stp=dst-jpg_s150x150&_nc_ht=instagram.fblr20-3.fna.fbcdn.net&_nc_cat=103&_nc_ohc=f1x4t8z8sAEAX8BVt5_&tn=uUIEOepx0q4Jbq90&edm=AOG-cTkBAAAA&ccb=7-5&oh=00_AfCJzFVfcacH6-ddpp-XMpbYsldnZegp67abrywkNSNE2Q&oe=63950294&_nc_sid=282b66,false
49582865449,saish_chaugule,#SAISH____CHAUGULE#,https://instagram.fblr20-2.fna.fbcdn.net/v/t51.2885-19/284142201_718767919371244_2753392274149971289_n.jpg?stp=dst-jpg_s150x150&_nc_ht=instagram.fblr20-2.fna.fbcdn.net&_nc_cat=104&_nc_ohc=EibzwfKa2hIAX-uwOFV&edm=AOG-cTkBAAAA&ccb=7-5&oh=00_AfAqIaAmJxGNhOqphNXRB4Vb4f3yWXrUoFqgqruh9bbyOw&oe=6394221C&_nc_sid=282b66,false
53862896423,aadi_bhandari_23,aadi_23,https://instagram.fblr20-3.fna.fbcdn.net/v/t51.2885-19/316148544_521934689802795_424433198037041590_n.jpg?stp=dst-jpg_s150x150&_nc_ht=instagram.fblr20-3.fna.fbcdn.net&_nc_cat=103&_nc_ohc=OuVMTinP_CAAX_Dg_OK&edm=AOG-cTkBAAAA&ccb=7-5&oh=00_AfD2NhyzxvClLLGy_W9w6D_3Sb0Ac84pgspdfK5z7Bz_2A&oe=63941908&_nc_sid=282b66,false
53697009795,_adi.lodha__,üñ§Adityaüñ§,https://instagram.fblr20-2.fna.fbcdn.net/v/t51.2885-19/314616143_478444307609166_951187511438711154_n.jpg?stp=dst-jpg_s150x150&_nc_ht=instagram.fblr20-2.fna.fbcdn.net&_nc_cat=106&_nc_ohc=NoIIwcI-rksAX_hZOBS&edm=AOG-cTkBAAAA&ccb=7-5&oh=00_AfDh-6YTR5uzUKbfYWQEiR3ISOf1vGuSfC-VdJ0UdXlIow&oe=6394EBC3&_nc_sid=282b66,false
54024866754,mauli_kala143,Mauli kale,https://instagram.fblr20-2.fna.fbcdn.net/v/t51.2885-19/316761280_496571668934884_8879805125486591388_n.jpg?stp=dst-jpg_s150x150&_nc_ht=instagram.fblr20-2.fna.fbcdn.net&_nc_cat=104&_nc_ohc=1-Iy4SKvxWgAX--Oi5K&edm=AOG-cTkBAAAA&ccb=7-5&oh=00_AfAoPrZdsMJddkwKDjVwdluK4NaJIP2CNyqPzNVEN2MMKw&oe=63936923&_nc_sid=282b66,false
44657187380,apurva_nagare,Apurva,https://instagram.fblr20-2.fna.fbcdn.net/v/t51.2885-19/306951999_464588535708395_5942986551899345263_n.jpg?stp=dst-jpg_s150x150&_nc_ht=instagram.fblr20-2.fna.fbcdn.net&_nc_cat=111&_nc_ohc=SbTuUu6mhHEAX9Vy-Jf&edm=AOG-cTkBAAAA&ccb=7-5&oh=00_AfBI0agyC2NjWqgmCIhk0Yg-KqaNGOIvmO92_u_1ic_k6g&oe=639452DA&_nc_sid=282b66,false
53419647390,ig_noah_gaming,TG NOAH GAMING,https://instagram.fblr20-3.fna.fbcdn.net/v/t51.2885-19/286875742_548178793698209_9143240850480313716_n.jpg?stp=dst-jpg_s150x150&_nc_ht=instagram.fblr20-3.fna.fbcdn.net&_nc_cat=105&_nc_ohc=T353eORyrc8AX-Jecat&edm=AOG-cTkBAAAA&ccb=7-5&oh=00_AfABwBHmiz4y1WNI_Z8MYhNIetgxLZxhCijILlVfZfL-Nw&oe=63949036&_nc_sid=282b66,false
50940447677,siddhant_pipada,Siddhant_Pipada.,https://instagram.fagr1-3.fna.fbcdn.net/v/t51.2885-19/44884218_345707102882519_2446069589734326272_n.jpg?_nc_ht=instagram.fagr1-3.fna.fbcdn.net&_nc_cat=1&_nc_ohc=uM88MCE8Dx4AX8CxF40&edm=AJ9x6zYBAAAA&ccb=7-5&ig_cache_key=YW5vbnltb3VzX3Byb2ZpbGVfcGlj.2-ccb7-5&oh=00_AfD-qXe5qIpSmY7pQM8mKlJW9X5DNwbz_P-YycwkkdHoOg&oe=6394944F&_nc_sid=cff2a4,false
53802507534,yashshinde6922,Yash Shinde,https://instagram.fblr20-3.fna.fbcdn.net/v/t51.2885-19/286816614_1065848594017203_6219962797935925641_n.jpg?stp=dst-jpg_s150x150&_nc_ht=instagram.fblr20-3.fna.fbcdn.net&_nc_cat=103&_nc_ohc=BM9O4UryuZoAX_6ADJG&edm=AOG-cTkBAAAA&ccb=7-5&oh=00_AfCuyHE0Q1NSxq9PX5BP181EcA5pJv5RWZgfc7EVS_gqvg&oe=639394FB&_nc_sid=282b66,false
53192603783,mr.y1427,Y√¢√üH G√§√±Dh√Ø,https://instagram.fblr20-2.fna.fbcdn.net/v/t51.2885-19/299992914_1439531259902646_5678733669338730896_n.jpg?stp=dst-jpg_s150x150&_nc_ht=instagram.fblr20-2.fna.fbcdn.net&_nc_cat=106&_nc_ohc=jhXkh7e3HNoAX84t51c&tn=uUIEOepx0q4Jbq90&edm=AOG-cTkBAAAA&ccb=7-5&oh=00_AfDzaUg4ejLm5LoIr8eLONZbJ0QK99lqFp3wEjpD_-AsPg&oe=63939BB0&_nc_sid=282b66,false
3958100665,sandeepkoyate,Sandeep Koyate,https://instagram.fblr20-1.fna.fbcdn.net/v/t51.2885-19/132122479_4293659467316768_2809013913304954969_n.jpg?stp=dst-jpg_s150x150&_nc_ht=instagram.fblr20-1.fna.fbcdn.net&_nc_cat=108&_nc_ohc=bmtoWTstMRUAX-Z9iHp&edm=AOG-cTkBAAAA&ccb=7-5&oh=00_AfAyUdfdGLzKrk7Ye8c_zFiUDRjVC0SXblXCL0yuclHqnQ&oe=639449AC&_nc_sid=282b66,false
3315747692,kalyanihurne,Kalyani Hurne,https://instagram.fblr20-1.fna.fbcdn.net/v/t51.2885-19/306027071_2110217732490478_3687215134837544652_n.jpg?stp=dst-jpg_s150x150&_nc_ht=instagram.fblr20-1.fna.fbcdn.net&_nc_cat=110&_nc_ohc=RHB2081n7mwAX_jcaRa&edm=AOG-cTkBAAAA&ccb=7-5&oh=00_AfAjWqwBV6zTrPf06o8Zky5Lx5KUsvc0Eh1_ayug2jhMdQ&oe=6394163C&_nc_sid=282b66,false
3206625140,koyate_swati,Swati Koyate,https://instagram.fblr20-2.fna.fbcdn.net/v/t51.2885-19/276023615_4988827721224178_2946213155115210655_n.jpg?stp=dst-jpg_s150x150&_nc_ht=instagram.fblr20-2.fna.fbcdn.net&_nc_cat=102&_nc_ohc=zIVplmASl4cAX_IXj93&edm=AOG-cTkBAAAA&ccb=7-5&oh=00_AfDW-7mQjIExnpgaq3KswgId_1iIFvfMVJKPZs_w7P0vBA&oe=639490C1&_nc_sid=282b66,false
52057149805,dhrishti_lokchandani,Dhrishti Lokchandani,https://instagram.fblr20-3.fna.fbcdn.net/v/t51.2885-19/306657068_807295450295201_7800259517827078023_n.jpg?stp=dst-jpg_s150x150&_nc_ht=instagram.fblr20-3.fna.fbcdn.net&_nc_cat=105&_nc_ohc=IoGlqascZY0AX96WsM2&tn=uUIEOepx0q4Jbq90&edm=AOG-cTkBAAAA&ccb=7-5&oh=00_AfCshc4m_-NtgqIvqhrFO7g6jxNGBchbl-921WylffFwtw&oe=639368A6&_nc_sid=282b66,false
47587912170,_jay_shingi_02,jay_shingi,https://instagram.fblr20-1.fna.fbcdn.net/v/t51.2885-19/312967212_506077714758955_7552543657086599405_n.jpg?stp=dst-jpg_s150x150&_nc_ht=instagram.fblr20-1.fna.fbcdn.net&_nc_cat=107&_nc_ohc=nUTIFRsmvxQAX--ulTo&edm=AOG-cTkBAAAA&ccb=7-5&oh=00_AfAXNCHy7TpMMEER544F0wEPIbTl8QwUA6AqnXyb1IJd_Q&oe=6393B0C0&_nc_sid=282b66,false
41528832096,kaveri_kokate,kaveri kokate,https://instagram.fagr1-3.fna.fbcdn.net/v/t51.2885-19/44884218_345707102882519_2446069589734326272_n.jpg?_nc_ht=instagram.fagr1-3.fna.fbcdn.net&_nc_cat=1&_nc_ohc=uM88MCE8Dx4AX8CxF40&edm=AJ9x6zYBAAAA&ccb=7-5&ig_cache_key=YW5vbnltb3VzX3Byb2ZpbGVfcGlj.2-ccb7-5&oh=00_AfD-qXe5qIpSmY7pQM8mKlJW9X5DNwbz_P-YycwkkdHoOg&oe=6394944F&_nc_sid=cff2a4,false
31991403400,_anshkhubani_,Ansh Khubani,https://instagram.fblr20-3.fna.fbcdn.net/v/t51.2885-19/271855926_644998450077221_5140210928913974169_n.jpg?stp=dst-jpg_s150x150&_nc_ht=instagram.fblr20-3.fna.fbcdn.net&_nc_cat=105&_nc_ohc=5G37hPPowdoAX9_GRYJ&edm=AOG-cTkBAAAA&ccb=7-5&oh=00_AfCs4ZbGDypVqHKjOCIJ5e628BAoJmPUrP49bA0hSbKCIA&oe=6394B940&_nc_sid=282b66,false
31975181417,mukta_hurne,Muktaaaüåª,https://instagram.fblr20-1.fna.fbcdn.net/v/t51.2885-19/300125026_1010520449626915_1355595434243072364_n.jpg?stp=dst-jpg_s150x150&_nc_ht=instagram.fblr20-1.fna.fbcdn.net&_nc_cat=107&_nc_ohc=3bUNDbkvChgAX-rUI2v&edm=AOG-cTkBAAAA&ccb=7-5&oh=00_AfB0_qEq8JEVEUT4XwCDp7TgW_3a3MhnJ5jLHGEWDOJJzQ&oe=6393E978&_nc_sid=282b66,false
2281928563,itz_mayurpetkar27,MMayur Petkar,https://instagram.fblr20-2.fna.fbcdn.net/v/t51.2885-19/316149019_674075200972355_1607203488538373383_n.jpg?stp=dst-jpg_s150x150&_nc_ht=instagram.fblr20-2.fna.fbcdn.net&_nc_cat=111&_nc_ohc=SSyUR3RxM-gAX_iBncQ&edm=AOG-cTkBAAAA&ccb=7-5&oh=00_AfBvxcHOhIeQwc6JvCrs4FS9rZoAjQOQxJ7E9NQCz8fhLw&oe=6393C698&_nc_sid=282b66,false
53256385060,arjun_dharankar_,Arjun Dhaeankar,https://instagram.fblr20-1.fna.fbcdn.net/v/t51.2885-19/317467851_954689622169544_9036252638257381863_n.jpg?stp=dst-jpg_s150x150&_nc_ht=instagram.fblr20-1.fna.fbcdn.net&_nc_cat=108&_nc_ohc=kIIL7GnDXJ8AX9CgKlf&edm=AOG-cTkBAAAA&ccb=7-5&oh=00_AfDH1cr2GFJ5bWDvTWKqd4CGer425Rv6w2mucE2Sffo29w&oe=63943EAF&_nc_sid=282b66,false
51270951105,hannahs9903,Hannah's,https://instagram.fblr20-2.fna.fbcdn.net/v/t51.2885-19/285207788_531989638476479_8413968191464563381_n.jpg?stp=dst-jpg_s150x150&_nc_ht=instagram.fblr20-2.fna.fbcdn.net&_nc_cat=111&_nc_ohc=DUpAmd-AfCEAX-RVEtq&tn=uUIEOepx0q4Jbq90&edm=AOG-cTkBAAAA&ccb=7-5&oh=00_AfBeaj7N3HXyN9kcg7kKhuuLNwxj2fEnUUw6R3rbs-vPsg&oe=63946AA3&_nc_sid=282b66,false
53123261887,rupeshbhoi07,Rupesh Bhoi,https://instagram.fblr20-1.fna.fbcdn.net/v/t51.2885-19/301208781_1454030118448642_1775200844844613627_n.jpg?stp=dst-jpg_s150x150&_nc_ht=instagram.fblr20-1.fna.fbcdn.net&_nc_cat=110&_nc_ohc=bHX8G38ZnzEAX9Uzm0L&tn=uUIEOepx0q4Jbq90&edm=AOG-cTkBAAAA&ccb=7-5&oh=00_AfDCurvpt4jxTdqa2tobJXvYKh-8QBmQNnjqU7Pj_Z01Jg&oe=6394F46E&_nc_sid=282b66,false
51602248742,preeti.sharma03_,·¥ç·¥á·¥ç·¥ás || ·¥õ Ä·¥è ü üs || …¥·¥á·¥°s,https://instagram.fblr20-3.fna.fbcdn.net/v/t51.2885-19/272045470_1052959301917935_2594348018838847055_n.jpg?stp=dst-jpg_s150x150&_nc_ht=instagram.fblr20-3.fna.fbcdn.net&_nc_cat=103&_nc_ohc=v3JBkIUkNrIAX_VL_5c&edm=AOG-cTkBAAAA&ccb=7-5&oh=00_AfBFdR3tBRoQfRibVNqqFpmFiGFrXj_NRU7cDWvhYZNzvQ&oe=63937000&_nc_sid=282b66,false
50013834671,itz_subodh_101,subodh,https://instagram.fagr1-3.fna.fbcdn.net/v/t51.2885-19/44884218_345707102882519_2446069589734326272_n.jpg?_nc_ht=instagram.fagr1-3.fna.fbcdn.net&_nc_cat=1&_nc_ohc=uM88MCE8Dx4AX8CxF40&edm=AJ9x6zYBAAAA&ccb=7-5&ig_cache_key=YW5vbnltb3VzX3Byb2ZpbGVfcGlj.2-ccb7-5&oh=00_AfD-qXe5qIpSmY7pQM8mKlJW9X5DNwbz_P-YycwkkdHoOg&oe=6394944F&_nc_sid=cff2a4,false
13335748827,kiara07777,Janvi .J,https://instagram.fblr20-1.fna.fbcdn.net/v/t51.2885-19/307106343_2483622455114386_7416721381927285486_n.jpg?stp=dst-jpg_s150x150&_nc_ht=instagram.fblr20-1.fna.fbcdn.net&_nc_cat=110&_nc_ohc=v7ZdBP4KbbkAX_aTLPw&tn=uUIEOepx0q4Jbq90&edm=AOG-cTkBAAAA&ccb=7-5&oh=00_AfAys4-0dxV_-jrbKRv6l6uL-zgmaoOGYq0taqGJRUGfqA&oe=63946B13&_nc_sid=282b66,false
43016048546,jaypandey._,·¥ä·¥Ä è …¥…™Íú± ú…™·¥ã·¥Ä…¥·¥õ ·¥ò·¥Ä…¥·¥Ö·¥á è,https://instagram.fblr20-1.fna.fbcdn.net/v/t51.2885-19/313908307_446226437530617_6033357739049294820_n.jpg?stp=dst-jpg_s150x150&_nc_ht=instagram.fblr20-1.fna.fbcdn.net&_nc_cat=109&_nc_ohc=ndpl6ZQrEAAAX8XL7Sb&edm=AOG-cTkBAAAA&ccb=7-5&oh=00_AfCJN7jTKCfyL8RL_4ab25lXDQM2JtvNl7S0y4sYEbye3w&oe=6395059A&_nc_sid=282b66,false
50215734022,aryan_kadam__,üÖ∞üÜÅüÜàüÖ∞üÖΩ üÖ∫üÖ∞üÖ≥üÖ∞üÖº üÖøüÖ∞üÜÉüÖ∏üÖª,https://instagram.fblr20-1.fna.fbcdn.net/v/t51.2885-19/317989926_174909518518484_6760388946183458383_n.jpg?stp=dst-jpg_s150x150&_nc_ht=instagram.fblr20-1.fna.fbcdn.net&_nc_cat=108&_nc_ohc=IVw-39waxa0AX90O4KT&edm=AOG-cTkBAAAA&ccb=7-5&oh=00_AfDAYmlhBdnTfXWNh3YBMhByTlKAi6QncyWHFPqOlSd4xA&oe=6393BFCB&_nc_sid=282b66,false
50082374302,roosshhnni,<3,https://instagram.fblr20-1.fna.fbcdn.net/v/t51.2885-19/316438538_797616464641628_715344570944227663_n.jpg?stp=dst-jpg_s150x150&_nc_ht=instagram.fblr20-1.fna.fbcdn.net&_nc_cat=108&_nc_ohc=fyGGCukDVREAX8KhhRR&tn=uUIEOepx0q4Jbq90&edm=AOG-cTkBAAAA&ccb=7-5&oh=00_AfAerIc6apL6_DBpXjEvD5yLSyOQKs60uhaBTJ09k6bViQ&oe=63944386&_nc_sid=282b66,false
3926030497,shrikantkinhake,Shrikant Kinhake,https://instagram.fblr20-1.fna.fbcdn.net/v/t51.2885-19/304818121_766118644601588_3535251821379207964_n.jpg?stp=dst-jpg_s150x150&_nc_ht=instagram.fblr20-1.fna.fbcdn.net&_nc_cat=108&_nc_ohc=JfRocWbTMNMAX_zjMFs&tn=uUIEOepx0q4Jbq90&edm=AOG-cTkBAAAA&ccb=7-5&oh=00_AfDpNsptLS7_j8r4dHAxW-GhXVhmioliwsodWAe4O_EmJg&oe=6394626A&_nc_sid=282b66,false
11164855512,jay_varpe_,,https://instagram.fblr20-3.fna.fbcdn.net/v/t51.2885-19/290003859_370483475187293_5683159650208851005_n.jpg?stp=dst-jpg_s150x150&_nc_ht=instagram.fblr20-3.fna.fbcdn.net&_nc_cat=105&_nc_ohc=_dEogxrEvXcAX9r9NRE&tn=uUIEOepx0q4Jbq90&edm=AOG-cTkBAAAA&ccb=7-5&oh=00_AfDFR4hHqEwxF2raAf7_qMdhmypdtsfe4dPVSq4SsVIITg&oe=63945C6D&_nc_sid=282b66,false
45337020881,anushka_2766,Anushka üíú,https://instagram.fblr20-3.fna.fbcdn.net/v/t51.2885-19/310966485_132542626202281_7876581857034228242_n.jpg?stp=dst-jpg_s150x150&_nc_ht=instagram.fblr20-3.fna.fbcdn.net&_nc_cat=101&_nc_ohc=nrLNuhImqcoAX_QwYcg&tn=uUIEOepx0q4Jbq90&edm=AOG-cTkBAAAA&ccb=7-5&oh=00_AfBtyUMMpHcVUI0PCWCIj2LNOlPd8R4QrbrjwWbYKXHuSA&oe=6394BB3A&_nc_sid=282b66,false
48131879799,aayush_sharma5001,ITS.. AAYUSH,https://instagram.fblr20-1.fna.fbcdn.net/v/t51.2885-19/294522735_177752577967713_2477279547786501610_n.jpg?stp=dst-jpg_s150x150&_nc_ht=instagram.fblr20-1.fna.fbcdn.net&_nc_cat=109&_nc_ohc=X0QyfhXNF5gAX-0JzfB&tn=uUIEOepx0q4Jbq90&edm=AOG-cTkBAAAA&ccb=7-5&oh=00_AfBQRdQ9xQp9jjWDp1q0u2xLBC2IDnYVHYfPhARQ-KuRLQ&oe=63943FD4&_nc_sid=282b66,false
49268035815,saishlok96k,Saishlok Londhe Patil,https://instagram.fblr20-1.fna.fbcdn.net/v/t51.2885-19/309689244_198119236002286_4254545028967796415_n.jpg?stp=dst-jpg_s150x150&_nc_ht=instagram.fblr20-1.fna.fbcdn.net&_nc_cat=110&_nc_ohc=U3c5Hzzv_80AX-6amf3&edm=AOG-cTkBAAAA&ccb=7-5&oh=00_AfBtW2LNtf1yOCHQYUKIXlUQ5DtP1bBXwm8-gi6oAcTGFw&oe=6394264F&_nc_sid=282b66,false
44828817190,swanand212,Swanand_gardi,https://instagram.fblr20-2.fna.fbcdn.net/v/t51.2885-19/280217852_665920751136875_2055095187325340847_n.jpg?stp=dst-jpg_s150x150&_nc_ht=instagram.fblr20-2.fna.fbcdn.net&_nc_cat=111&_nc_ohc=5_URbZtTLGAAX_wZSgo&tn=uUIEOepx0q4Jbq90&edm=AOG-cTkBAAAA&ccb=7-5&oh=00_AfDuINOCLQp71TD-el_9bC5TFhvMu28mB9DgWcki0_LBvQ&oe=6394BF7F&_nc_sid=282b66,false
42127351901,priya_bhusare_1725,Priya Bhusare,https://instagram.fblr20-2.fna.fbcdn.net/v/t51.2885-19/299727469_1065057577734090_8750259424685054221_n.jpg?stp=dst-jpg_s150x150&_nc_ht=instagram.fblr20-2.fna.fbcdn.net&_nc_cat=106&_nc_ohc=fpNOo8YknawAX9NMCO-&edm=AOG-cTkBAAAA&ccb=7-5&oh=00_AfBAKZ71Z2FRnSXbFiQ_Nec90Wup90i3HBvqk63Y5sqgCg&oe=6393C837&_nc_sid=282b66,false
3954707883,shrutijagtap29_,Shruti ‚ô°,https://instagram.fblr20-2.fna.fbcdn.net/v/t51.2885-19/314780409_817494822701546_6080220703712532283_n.jpg?stp=dst-jpg_s150x150&_nc_ht=instagram.fblr20-2.fna.fbcdn.net&_nc_cat=102&_nc_ohc=-mMS6No-N1EAX9_QbJA&edm=AOG-cTkBAAAA&ccb=7-5&oh=00_AfB5iDC7KvljbRbEj9y6s5xKr4oGezCmgukKGfoGFiDBFA&oe=63943580&_nc_sid=282b66,false
19137623533,___cherriiee___,AaruüêØ‚ô•Ô∏è,https://instagram.fblr20-1.fna.fbcdn.net/v/t51.2885-19/317397370_868461390822946_7142029805979136973_n.jpg?stp=dst-jpg_s150x150&_nc_ht=instagram.fblr20-1.fna.fbcdn.net&_nc_cat=110&_nc_ohc=hnJGaGKDbgsAX8qlhN8&edm=AOG-cTkBAAAA&ccb=7-5&oh=00_AfClPVlsCq-mHIb-sYefDXDcVsN9KkR_PowUwMoxS-P6Jw&oe=63940253&_nc_sid=282b66,false
47652777157,siddhijagtap3003,Siddhijagtap,https://instagram.fblr20-1.fna.fbcdn.net/v/t51.2885-19/317368525_867744284656868_94954411044821594_n.jpg?stp=dst-jpg_s150x150&_nc_ht=instagram.fblr20-1.fna.fbcdn.net&_nc_cat=108&_nc_ohc=Bm8G7Tt6nPwAX_9ONab&tn=uUIEOepx0q4Jbq90&edm=AOG-cTkBAAAA&ccb=7-5&oh=00_AfDGxyyYEuzgqBN3CV7YKl6YFHxJZplJ9PZpJzkQyoklig&oe=6395092B&_nc_sid=282b66,false
50654412921,zayn_tasticc,v ü´Ä,https://instagram.fblr20-3.fna.fbcdn.net/v/t51.2885-19/277596429_3160825630815533_4582567004239052669_n.jpg?stp=dst-jpg_s150x150&_nc_ht=instagram.fblr20-3.fna.fbcdn.net&_nc_cat=105&_nc_ohc=6Mnp-Z6ZRoQAX_vii1v&tn=uUIEOepx0q4Jbq90&edm=AOG-cTkBAAAA&ccb=7-5&oh=00_AfCUxjB9BTTj9G9NHMPBpEYExXebza20LQHHYPSTiARlgw&oe=6393F75E&_nc_sid=282b66,false
5401346650,rajeshreenk0502,Rajeshree Narode Kate,https://instagram.fblr20-2.fna.fbcdn.net/v/t51.2885-19/312049420_836354830875239_5178918719242142570_n.jpg?stp=dst-jpg_s150x150&_nc_ht=instagram.fblr20-2.fna.fbcdn.net&_nc_cat=111&_nc_ohc=iFX3xqsrzkEAX_4SPGY&tn=uUIEOepx0q4Jbq90&edm=AOG-cTkBAAAA&ccb=7-5&oh=00_AfAzwOpY8C-kEBguaNWD8aCbWsvA0bZQy6tHGJ1SFQKsNQ&oe=6393F096&_nc_sid=282b66,false
9977383510,sujal_fulsaundar,Sujal Fulsaundar,https://instagram.fblr20-2.fna.fbcdn.net/v/t51.2885-19/274973191_969166247324166_3586712715676067356_n.jpg?stp=dst-jpg_s150x150&_nc_ht=instagram.fblr20-2.fna.fbcdn.net&_nc_cat=106&_nc_ohc=6Uil9II131IAX9KAPgO&edm=AOG-cTkBAAAA&ccb=7-5&oh=00_AfDoBRTRei9u_lad200GGlHihj8s5VJNkvCZfcflSRLGtQ&oe=6394BFF2&_nc_sid=282b66,false
46963885877,imortal_enemy1421,Samarth_Morge1421,https://instagram.fblr20-2.fna.fbcdn.net/v/t51.2885-19/313383689_807293683876199_4156307808439920991_n.jpg?stp=dst-jpg_s150x150&_nc_ht=instagram.fblr20-2.fna.fbcdn.net&_nc_cat=111&_nc_ohc=GAOLm_-G8jEAX8thlkA&edm=AOG-cTkBAAAA&ccb=7-5&oh=00_AfDE5TP4DBBDUAQ7HgA7x81Dmr4y-dbO1SC4f8z6_G4PiA&oe=63935596&_nc_sid=282b66,false
50019466450,unnati_bhawar,Unnati Bharat Bhawar,https://instagram.fblr20-1.fna.fbcdn.net/v/t51.2885-19/275194802_494181075710900_847174711704167567_n.jpg?stp=dst-jpg_s150x150&_nc_ht=instagram.fblr20-1.fna.fbcdn.net&_nc_cat=108&_nc_ohc=V0liVhAW9GIAX-zWlh3&edm=AOG-cTkBAAAA&ccb=7-5&oh=00_AfAM3lRsbr1RwN4SL6Nkj2xYCEi_J-BUDwr7mZAFxB_cKQ&oe=6394247D&_nc_sid=282b66,false
36306858939,kothari_harsh_3831,ùêáùêöùê´ùê¨ùê°ùêöùê• ùêäùê®ùê≠ùê°ùêöùê´ùê¢ üñ§‚ú®,https://instagram.fblr20-1.fna.fbcdn.net/v/t51.2885-19/314604237_438983291694272_3809023147204630437_n.jpg?stp=dst-jpg_s150x150&_nc_ht=instagram.fblr20-1.fna.fbcdn.net&_nc_cat=108&_nc_ohc=sv7H3eZYPIAAX-3FKRX&edm=AOG-cTkBAAAA&ccb=7-5&oh=00_AfDEHYtJtUeavM1BZ8ZgSbdFmAkAUBwVLnmB1ltNWQi_5g&oe=6394E16A&_nc_sid=282b66,false
45668424592,harshita_lokchandani,Harshita Lokchandani,https://instagram.fblr20-3.fna.fbcdn.net/v/t51.2885-19/318414844_509913394422281_3680802220744598296_n.jpg?stp=dst-jpg_s150x150&_nc_ht=instagram.fblr20-3.fna.fbcdn.net&_nc_cat=105&_nc_ohc=j3Hb0kA5Bq4AX-lbTts&edm=AOG-cTkBAAAA&ccb=7-5&oh=00_AfCJKCRCl0Ce02u2uyqijGJ3Kqii1gi64Heiv_20pc8vJg&oe=6394E95C&_nc_sid=282b66,false
32908471217,sarthhakshelar,sarthhak shelar,https://instagram.fblr20-2.fna.fbcdn.net/v/t51.2885-19/286700945_473730907976358_2123190337767755485_n.jpg?stp=dst-jpg_s150x150&_nc_ht=instagram.fblr20-2.fna.fbcdn.net&_nc_cat=106&_nc_ohc=BNScFsVTeSgAX8yKGt6&edm=AOG-cTkBAAAA&ccb=7-5&oh=00_AfBs7OrLOhbLSuysDJOKMcPWQFXSlkC6hVO6GsjL4V6ZYQ&oe=6394B30C&_nc_sid=282b66,false
45630718935,akash_sonawane_06,‡§ö‡•Ä. ‡§Ü‡§ï‡§æ‡§∂ ‡§∏‡•ã‡§®‡§æ‡§µ‡§£‡•á ü§¥üåç,https://instagram.fblr20-3.fna.fbcdn.net/v/t51.2885-19/281149112_674872086922800_6465393640394299403_n.jpg?stp=dst-jpg_s150x150&_nc_ht=instagram.fblr20-3.fna.fbcdn.net&_nc_cat=100&_nc_ohc=eucN2rphRpIAX9_nAP1&tn=uUIEOepx0q4Jbq90&edm=AOG-cTkBAAAA&ccb=7-5&oh=00_AfAnTr3Nl3g-J86ZPATV--aQuAqO6lBM8n8DG5hmhkXi4g&oe=6395193E&_nc_sid=282b66,false
49579577864,bluebell_supriya,sarang,https://instagram.fblr20-2.fna.fbcdn.net/v/t51.2885-19/278889449_3183189665287211_4150136319311208249_n.jpg?stp=dst-jpg_s150x150&_nc_ht=instagram.fblr20-2.fna.fbcdn.net&_nc_cat=111&_nc_ohc=mCqYmFazc7oAX_je7_r&tn=uUIEOepx0q4Jbq90&edm=AOG-cTkBAAAA&ccb=7-5&oh=00_AfAVLgvY-CYBlWoZr32VjqklKuVvTQJ1b3dlnsI49RGSgw&oe=63941492&_nc_sid=282b66,false
48107571626,ishaansancheti,IS.,https://instagram.fblr20-3.fna.fbcdn.net/v/t51.2885-19/316882142_182083967736084_7077206699074512708_n.jpg?stp=dst-jpg_s150x150&_nc_ht=instagram.fblr20-3.fna.fbcdn.net&_nc_cat=100&_nc_ohc=dJDjrw0AB9IAX_nBD9K&edm=AOG-cTkBAAAA&ccb=7-5&oh=00_AfDtQIFGidWa41FXntgffnjbGwj4MFBx_awbmrDQggLZOQ&oe=639336F9&_nc_sid=282b66,false
49362488147,sujalgondkar999,ùó¶ùòÇùó∑ùóÆùóπ ùóöùóºùóªùó±ùó∏ùóÆùóø,https://instagram.fblr20-2.fna.fbcdn.net/v/t51.2885-19/317604531_504556088407046_6276135034882907785_n.jpg?stp=dst-jpg_s150x150&_nc_ht=instagram.fblr20-2.fna.fbcdn.net&_nc_cat=102&_nc_ohc=PTxD7DdWDfoAX8mlrC2&edm=AOG-cTkBAAAA&ccb=7-5&oh=00_AfD9beuGnX09-Q6zzlNSG1iVocOjIDVLYFc9TlbhqBoA4g&oe=639477E3&_nc_sid=282b66,false
45091343260,prajjwal6.78,Prajjwal,https://scontent-ssn1-1.cdninstagram.com/v/t51.2885-19/44884218_345707102882519_2446069589734326272_n.jpg?_nc_ht=scontent-ssn1-1.cdninstagram.com&_nc_cat=1&_nc_ohc=uM88MCE8Dx4AX9W4g5y&edm=ABmJApABAAAA&ccb=7-5&ig_cache_key=YW5vbnltb3VzX3Byb2ZpbGVfcGlj.2-ccb7-5&oh=00_AfD0M4EHyX7SjIgnGZy8Q94oC_8VBmNEXe3sCDzSMCA3Ow&oe=6394944F&_nc_sid=6136e7,false
13038487324,nakshatra.jape,Nakshatraa,https://instagram.fblr20-1.fna.fbcdn.net/v/t51.2885-19/308961561_5690892560997994_2886751148579481709_n.jpg?stp=dst-jpg_s150x150&_nc_ht=instagram.fblr20-1.fna.fbcdn.net&_nc_cat=110&_nc_ohc=SCtxtFOuFvoAX9QJcvv&edm=AOG-cTkBAAAA&ccb=7-5&oh=00_AfBBS97D8YzvfOApoLma-YXZDLaoW50oT50lst7sHSk9bQ&oe=6394DAFE&_nc_sid=282b66,false
38780942222,techie_hacker1706,hacker,https://scontent-ssn1-1.cdninstagram.com/v/t51.2885-19/44884218_345707102882519_2446069589734326272_n.jpg?_nc_ht=scontent-ssn1-1.cdninstagram.com&_nc_cat=1&_nc_ohc=uM88MCE8Dx4AX9W4g5y&edm=ABmJApABAAAA&ccb=7-5&ig_cache_key=YW5vbnltb3VzX3Byb2ZpbGVfcGlj.2-ccb7-5&oh=00_AfD0M4EHyX7SjIgnGZy8Q94oC_8VBmNEXe3sCDzSMCA3Ow&oe=6394944F&_nc_sid=6136e7,false
47878183873,5iv31leeven_999,Sujal Gondkar,https://instagram.fblr20-3.fna.fbcdn.net/v/t51.2885-19/220182221_340486517474665_5616620780686552468_n.jpg?stp=dst-jpg_s150x150&_nc_ht=instagram.fblr20-3.fna.fbcdn.net&_nc_cat=101&_nc_ohc=5lNLcZjXMs8AX_amw6e&edm=AOG-cTkBAAAA&ccb=7-5&oh=00_AfCCX7dFLQNnCpw_iBfW0a7NjF7mWpv38VukaaghG6b3LA&oe=6394C951&_nc_sid=282b66,false
7387676383,ayushdhumal_,‚Ä¢Ayush‚Ä¢,https://scontent-ssn1-1.cdninstagram.com/v/t51.2885-19/44884218_345707102882519_2446069589734326272_n.jpg?_nc_ht=scontent-ssn1-1.cdninstagram.com&_nc_cat=1&_nc_ohc=uM88MCE8Dx4AX9W4g5y&edm=ABmJApABAAAA&ccb=7-5&ig_cache_key=YW5vbnltb3VzX3Byb2ZpbGVfcGlj.2-ccb7-5&oh=00_AfD0M4EHyX7SjIgnGZy8Q94oC_8VBmNEXe3sCDzSMCA3Ow&oe=6394944F&_nc_sid=6136e7,false
41600444968,vrusha_pvt,vee üíö,https://instagram.fblr20-3.fna.fbcdn.net/v/t51.2885-19/249087505_316629700288573_5645856187742973745_n.jpg?stp=dst-jpg_s150x150&_nc_ht=instagram.fblr20-3.fna.fbcdn.net&_nc_cat=101&_nc_ohc=vR__zQT3GQQAX-IKNrE&tn=uUIEOepx0q4Jbq90&edm=AOG-cTkBAAAA&ccb=7-5&oh=00_AfCmplAMRZ6SvyQwtj8saGrp83-ns26KGaBGMx9kwXHhLQ&oe=63947924&_nc_sid=282b66,false
47183477824,adi.tyanarode,,https://scontent-ssn1-1.cdninstagram.com/v/t51.2885-19/44884218_345707102882519_2446069589734326272_n.jpg?_nc_ht=scontent-ssn1-1.cdninstagram.com&_nc_cat=1&_nc_ohc=uM88MCE8Dx4AX9W4g5y&edm=ABmJApABAAAA&ccb=7-5&ig_cache_key=YW5vbnltb3VzX3Byb2ZpbGVfcGlj.2-ccb7-5&oh=00_AfD0M4EHyX7SjIgnGZy8Q94oC_8VBmNEXe3sCDzSMCA3Ow&oe=6394944F&_nc_sid=6136e7,false
9649473656,aaryakabade__,Aarya Kabade,https://instagram.fblr20-1.fna.fbcdn.net/v/t51.2885-19/314768784_6061357993914188_9019605254111235476_n.jpg?stp=dst-jpg_s150x150&_nc_ht=instagram.fblr20-1.fna.fbcdn.net&_nc_cat=108&_nc_ohc=nMoYegfOuwoAX9mInPb&edm=AOG-cTkBAAAA&ccb=7-5&oh=00_AfBhx9xLFyJAcU2m5zRqQX8UXb6YGQjKRprVFTQeF9fefA&oe=6394690B&_nc_sid=282b66,false
45204606752,sujal_sancheti,Suzziee!üêª,https://instagram.fblr20-3.fna.fbcdn.net/v/t51.2885-19/318471210_1266965417194491_109535399970629919_n.jpg?stp=dst-jpg_s150x150&_nc_ht=instagram.fblr20-3.fna.fbcdn.net&_nc_cat=103&_nc_ohc=kCDav7IaqMIAX8be6f4&tn=uUIEOepx0q4Jbq90&edm=AOG-cTkBAAAA&ccb=7-5&oh=00_AfA3mSXh_kOPh-k67HLXvQFSFjIzGh5wRPt3Vy1PqgPtSQ&oe=6394F894&_nc_sid=282b66,false
24749498520,hiran_sayyam_101,Sayyam Hiran,https://instagram.fblr20-1.fna.fbcdn.net/v/t51.2885-19/306022558_1105954833656313_7622381537711898456_n.jpg?stp=dst-jpg_s150x150&_nc_ht=instagram.fblr20-1.fna.fbcdn.net&_nc_cat=109&_nc_ohc=hZD0t5dFDkUAX_5J4l-&edm=AOG-cTkBAAAA&ccb=7-5&oh=00_AfCfqdQA3QcQhqwYdEuyQBjc_VcyckaqIBgmg5ds5rOefw&oe=63933FBF&_nc_sid=282b66,false
8452024639,yashghumare_13,M Ä·≠ÑùêòÍ´ùSH,https://instagram.fblr20-1.fna.fbcdn.net/v/t51.2885-19/278976539_1083046475580295_6236495283080112788_n.jpg?stp=dst-jpg_s150x150&_nc_ht=instagram.fblr20-1.fna.fbcdn.net&_nc_cat=107&_nc_ohc=Z1yxs3dddvcAX-mQUIi&edm=AOG-cTkBAAAA&ccb=7-5&oh=00_AfDbIQ4-MVyGNAZgMP4vG0aAmxDBUKHpJ7VZPiXy-0KlXw&oe=6394F8B2&_nc_sid=282b66,false
37731455240,callmesid._.1706,Sidd!üêª‚Äç‚ùÑÔ∏è,https://instagram.fblr20-2.fna.fbcdn.net/v/t51.2885-19/316555049_676577427443246_1920643466893022497_n.jpg?stp=dst-jpg_s150x150&_nc_ht=instagram.fblr20-2.fna.fbcdn.net&_nc_cat=102&_nc_ohc=8ieLEnxxpYYAX_2WZfR&tn=uUIEOepx0q4Jbq90&edm=AOG-cTkBAAAA&ccb=7-5&oh=00_AfATgilSxEMSGRi-dlST_Y-vluaf-_rrJqaHs_psVWUN_Q&oe=6394F600&_nc_sid=282b66,false
46189312154,pragati_sancheti_14,Pari Sancheti,https://instagram.fblr20-3.fna.fbcdn.net/v/t51.2885-19/314917519_1146499632919549_4046473638139141126_n.jpg?stp=dst-jpg_s150x150&_nc_ht=instagram.fblr20-3.fna.fbcdn.net&_nc_cat=101&_nc_ohc=UnfHfLGCukcAX91xUXj&edm=AOG-cTkBAAAA&ccb=7-5&oh=00_AfDP_JDJWlNNRkUS_p9Ga0zUrEYp9Hcyjriz2GPGS8NY4w&oe=639451A1&_nc_sid=282b66,false
46007008342,nandini_kalantri_,Nannndini ‚ô°,https://instagram.fblr20-2.fna.fbcdn.net/v/t51.2885-19/317531785_1484596875366172_6390455020327929724_n.jpg?stp=dst-jpg_s150x150&_nc_ht=instagram.fblr20-2.fna.fbcdn.net&_nc_cat=104&_nc_ohc=Df23Eera6coAX-O5RxZ&edm=AOG-cTkBAAAA&ccb=7-5&oh=00_AfD8w8oGKu3pGou5JKAMjLg1I2_TVhO7TGyiNLGhzOSekw&oe=63945559&_nc_sid=282b66,false
45646958947,ostwal_pranav,Pranav@4517,https://scontent-ssn1-1.cdninstagram.com/v/t51.2885-19/44884218_345707102882519_2446069589734326272_n.jpg?_nc_ht=scontent-ssn1-1.cdninstagram.com&_nc_cat=1&_nc_ohc=uM88MCE8Dx4AX9W4g5y&edm=ABmJApABAAAA&ccb=7-5&ig_cache_key=YW5vbnltb3VzX3Byb2ZpbGVfcGlj.2-ccb7-5&oh=00_AfD0M4EHyX7SjIgnGZy8Q94oC_8VBmNEXe3sCDzSMCA3Ow&oe=6394944F&_nc_sid=6136e7,false
43851962263,samruddhi2938,Mishka‚ô°,https://instagram.fblr20-3.fna.fbcdn.net/v/t51.2885-19/310456876_1121321375160003_433781353526718367_n.jpg?stp=dst-jpg_s150x150&_nc_ht=instagram.fblr20-3.fna.fbcdn.net&_nc_cat=103&_nc_ohc=3b4eZlHY06QAX_j6swY&edm=AOG-cTkBAAAA&ccb=7-5&oh=00_AfAlmwy57QwCe7rd5WtmVul71bfnjiJmn3NfV54KkCPfLQ&oe=639415E8&_nc_sid=282b66,false
45448439429,sujal_fulsaundarr,sujal fulsaundar,https://instagram.fblr20-3.fna.fbcdn.net/v/t51.2885-19/275524112_375961400735700_8521578114911203269_n.jpg?stp=dst-jpg_s150x150&_nc_ht=instagram.fblr20-3.fna.fbcdn.net&_nc_cat=100&_nc_ohc=7sDAboOQZ48AX9X5Jmm&edm=AOG-cTkBAAAA&ccb=7-5&oh=00_AfDM-0FzrDN8kLyd4omXarq0PjIj_92OliadZsjTNtxHgA&oe=6393CF11&_nc_sid=282b66,false
45428572649,lodhapushpak,pushpak_3421,https://instagram.fblr20-2.fna.fbcdn.net/v/t51.2885-19/316496433_233392479016326_7055041277728609634_n.jpg?stp=dst-jpg_s150x150&_nc_ht=instagram.fblr20-2.fna.fbcdn.net&_nc_cat=106&_nc_ohc=i4M1urLSBkkAX_8UqHv&edm=AOG-cTkBAAAA&ccb=7-5&oh=00_AfAxewPY7F8mnZr5p8YJBd6zwqkEnxvyYthiXfrpEXX_VQ&oe=6393D27A&_nc_sid=282b66,false
45338088206,jagjeet_1210,Jagjeet Mule,https://instagram.fblr20-2.fna.fbcdn.net/v/t51.2885-19/310409676_498591701926223_7576274871418775646_n.jpg?stp=dst-jpg_s150x150&_nc_ht=instagram.fblr20-2.fna.fbcdn.net&_nc_cat=111&_nc_ohc=dTTf6uozUlkAX8K51t9&edm=AOG-cTkBAAAA&ccb=7-5&oh=00_AfAiHT6Jr37HgQ2I-99IE2XYQyFl7RD-SiApSCaktihAzA&oe=6393A4E7&_nc_sid=282b66,false
45068549916,sarvesh_kangane,,https://instagram.fblr20-1.fna.fbcdn.net/v/t51.2885-19/146480738_3598223200297498_5452153832167602340_n.jpg?stp=dst-jpg_s150x150&_nc_ht=instagram.fblr20-1.fna.fbcdn.net&_nc_cat=110&_nc_ohc=GUXgKhupe98AX9UNLIM&edm=AOG-cTkBAAAA&ccb=7-5&oh=00_AfAzxokylFptU7oI57IZCFPkBowHNHP4Qba54QwrKf9BTg&oe=63936C81&_nc_sid=282b66,false
45376782304,epicpubgscenes,Gaming funny Videos,https://instagram.fblr20-2.fna.fbcdn.net/v/t51.2885-19/136088132_414008896614671_8680206289354030294_n.jpg?stp=dst-jpg_s150x150&_nc_ht=instagram.fblr20-2.fna.fbcdn.net&_nc_cat=111&_nc_ohc=38GuAnpS9kEAX8--Auw&edm=AOG-cTkBAAAA&ccb=7-5&oh=00_AfBibubzhHCsap-yhjx7NgC7XtcVyu7hVyiYyDv9AKnpnQ&oe=63942F16&_nc_sid=282b66,false
12838552149,riddhiwalekar,Riddhiculous,https://instagram.fblr20-3.fna.fbcdn.net/v/t51.2885-19/313287746_800225747931013_1899309679072927243_n.jpg?stp=dst-jpg_s150x150&_nc_ht=instagram.fblr20-3.fna.fbcdn.net&_nc_cat=101&_nc_ohc=SNJAL81qCpgAX9gBJ-P&edm=AOG-cTkBAAAA&ccb=7-5&oh=00_AfDG28vk4EPdWzFaGSzzRzBDhcyiWNZmRUTfwZcspCS7iw&oe=63938F33&_nc_sid=282b66,false
45228412279,pragati_sancheti_,Pragati_Sanchetiüíû,https://instagram.fblr20-1.fna.fbcdn.net/v/t51.2885-19/136682423_213557217122002_8999595370884668828_n.jpg?stp=dst-jpg_s150x150&_nc_ht=instagram.fblr20-1.fna.fbcdn.net&_nc_cat=110&_nc_ohc=ZbMcOKYjGicAX84lkUT&edm=AOG-cTkBAAAA&ccb=7-5&oh=00_AfA7poXLzzxhHqN65LO2Xrk7gW8pIWgMDWagL_e7Gp8l-g&oe=63938827&_nc_sid=282b66,false
7497255310,ishaansancheti_0913,üòà Devil_0913üòà,https://instagram.fblr20-2.fna.fbcdn.net/v/t51.2885-19/195329945_195932172384402_5717898230128102220_n.jpg?stp=dst-jpg_s150x150&_nc_ht=instagram.fblr20-2.fna.fbcdn.net&_nc_cat=106&_nc_ohc=eK1N0nZ1_VsAX9T3CzZ&tn=uUIEOepx0q4Jbq90&edm=AOG-cTkBAAAA&ccb=7-5&oh=00_AfAHVxfWhB-7IDF9Ty0tQ_Hjg9_IFfaXzUjERenT9p0Pfw&oe=6393E512&_nc_sid=282b66,false
6059366865,aryan._.sonawane,Aryan,https://instagram.fblr20-3.fna.fbcdn.net/v/t51.2885-19/309929883_1083380215686805_3883261802943014553_n.jpg?stp=dst-jpg_s150x150&_nc_ht=instagram.fblr20-3.fna.fbcdn.net&_nc_cat=101&_nc_ohc=njU-NtUnMGkAX9Y9hCw&edm=AOG-cTkBAAAA&ccb=7-5&oh=00_AfB9KTIztkUrU5o9xnzoKH20r6pbSgU3jOQ4i33neSwubA&oe=6394F2B7&_nc_sid=282b66,false
7887981619,yashmote94,Yash Pankaj Vasudha Mote,https://scontent-ssn1-1.cdninstagram.com/v/t51.2885-19/44884218_345707102882519_2446069589734326272_n.jpg?_nc_ht=scontent-ssn1-1.cdninstagram.com&_nc_cat=1&_nc_ohc=uM88MCE8Dx4AX9W4g5y&edm=ABmJApABAAAA&ccb=7-5&ig_cache_key=YW5vbnltb3VzX3Byb2ZpbGVfcGlj.2-ccb7-5&oh=00_AfD0M4EHyX7SjIgnGZy8Q94oC_8VBmNEXe3sCDzSMCA3Ow&oe=6394944F&_nc_sid=6136e7,false
45035907931,jack___the___labrador,Jack_the_Labrador,https://instagram.fblr20-2.fna.fbcdn.net/v/t51.2885-19/193014577_964961887576002_8242555766060090522_n.jpg?stp=dst-jpg_s150x150&_nc_ht=instagram.fblr20-2.fna.fbcdn.net&_nc_cat=106&_nc_ohc=-a5sPSmP4i0AX8Txst7&tn=uUIEOepx0q4Jbq90&edm=AOG-cTkBAAAA&ccb=7-5&oh=00_AfBji8WVrb8cYZXgeAtOHW0Mm5Cxb7ockRcKjue0iwIpmw&oe=6394F9FE&_nc_sid=282b66,false
29319588825,its.me_barshaa,Lovely!üê®,https://instagram.fblr20-3.fna.fbcdn.net/v/t51.2885-19/314704150_150662937690205_5007084358489479462_n.jpg?stp=dst-jpg_s150x150&_nc_ht=instagram.fblr20-3.fna.fbcdn.net&_nc_cat=101&_nc_ohc=qDXiLUxMU9EAX9BBWwl&edm=AOG-cTkBAAAA&ccb=7-5&oh=00_AfBBGiH8z4n-GR73pYUMFEn_DflO9UUGgJPDG8lDAHI8QQ&oe=639450C7&_nc_sid=282b66,false
44832810659,rohit_zinjurke9999,Fan ever,https://instagram.fblr20-1.fna.fbcdn.net/v/t51.2885-19/131485986_212433280380946_2327941856679236279_n.jpg?stp=dst-jpg_s150x150&_nc_ht=instagram.fblr20-1.fna.fbcdn.net&_nc_cat=110&_nc_ohc=MfwaknOSbcwAX92jX9o&edm=AOG-cTkBAAAA&ccb=7-5&oh=00_AfB-2Kd8OUi4a5lC0wybMZ-hZuZd1i2h6eDKXpr9QcxT5w&oe=6393D3AF&_nc_sid=282b66,false
44641461603,coc.account.seller0,coc account and clan seller ü§©,https://instagram.fblr20-2.fna.fbcdn.net/v/t51.2885-19/127199482_2763832287166022_6291018427035130494_n.jpg?stp=dst-jpg_s150x150&_nc_ht=instagram.fblr20-2.fna.fbcdn.net&_nc_cat=102&_nc_ohc=jshzVyJsyZwAX_KhZC3&edm=AOG-cTkBAAAA&ccb=7-5&oh=00_AfBoXCLPjgTZ6o4Z74XsyZ3VHhqanALzzpoDRc45aqdnXA&oe=63949DEC&_nc_sid=282b66,false
2355720224,hetal.gupta,Hetal Gupta,https://instagram.fblr20-3.fna.fbcdn.net/v/t51.2885-19/314740159_1263440201113152_1738158387831053334_n.jpg?stp=dst-jpg_s150x150&_nc_ht=instagram.fblr20-3.fna.fbcdn.net&_nc_cat=100&_nc_ohc=LCeRpaIf9xAAX9-qxDy&edm=AOG-cTkBAAAA&ccb=7-5&oh=00_AfDtCSbqw6ckpMyoXSURFOAdfj73j2PS9Xe55sMvj9eWMQ&oe=639379D9&_nc_sid=282b66,false
7894284162,tejaskawde_2212,Tejas Kawde,https://instagram.fblr20-3.fna.fbcdn.net/v/t51.2885-19/316212190_210926924841555_1926999381339997943_n.jpg?stp=dst-jpg_s150x150&_nc_ht=instagram.fblr20-3.fna.fbcdn.net&_nc_cat=103&_nc_ohc=K7HDvCwSb8wAX-zazUJ&edm=AOG-cTkBAAAA&ccb=7-5&oh=00_AfCVo2X3loyND0Y3MDZjMnc0Wy7IGHZCN6d7GlpdTrdF3g&oe=6393D159&_nc_sid=282b66,false
21235172576,nikkivalesha01,NIKITA MAHESH VALESHA,https://scontent-ssn1-1.cdninstagram.com/v/t51.2885-19/44884218_345707102882519_2446069589734326272_n.jpg?_nc_ht=scontent-ssn1-1.cdninstagram.com&_nc_cat=1&_nc_ohc=uM88MCE8Dx4AX9W4g5y&edm=ABmJApABAAAA&ccb=7-5&ig_cache_key=YW5vbnltb3VzX3Byb2ZpbGVfcGlj.2-ccb7-5&oh=00_AfD0M4EHyX7SjIgnGZy8Q94oC_8VBmNEXe3sCDzSMCA3Ow&oe=6394944F&_nc_sid=6136e7,false
25975447193,neilbhutada19706,Neil,https://instagram.fblr20-3.fna.fbcdn.net/v/t51.2885-19/317040036_812739273358061_1849071923505676460_n.jpg?stp=dst-jpg_s150x150&_nc_ht=instagram.fblr20-3.fna.fbcdn.net&_nc_cat=105&_nc_ohc=61cgehA9gQkAX8DgGRH&edm=AOG-cTkBAAAA&ccb=7-5&oh=00_AfCGsEtgBKm1N3o0WvbU2-u8jnIm00gYbsQqCdg5KXBZmQ&oe=639351BC&_nc_sid=282b66,false
44466864819,parth_jagtap9099,üëëùôãùòºùôçùôèùôÉùôÖùòºùôÇùôèùòºùôã üëë,https://instagram.fblr20-1.fna.fbcdn.net/v/t51.2885-19/313042371_587786109765992_3593823554344969128_n.jpg?stp=dst-jpg_s150x150&_nc_ht=instagram.fblr20-1.fna.fbcdn.net&_nc_cat=108&_nc_ohc=wQXoExFYKLYAX8sY3i1&edm=AOG-cTkBAAAA&ccb=7-5&oh=00_AfA3F3tzsWgNGUD4ct0HxVKiGY0AlcwB4O_KQYpQ1mWlGA&oe=639491D8&_nc_sid=282b66,false
44257508403,sheetal_sancheti_17,Sheetal Sancheti,https://instagram.fblr20-1.fna.fbcdn.net/v/t51.2885-19/123271279_2801123033508501_941016461948432638_n.jpg?stp=dst-jpg_s150x150&_nc_ht=instagram.fblr20-1.fna.fbcdn.net&_nc_cat=109&_nc_ohc=lkuYHLg-_UIAX84PqPd&edm=AOG-cTkBAAAA&ccb=7-5&oh=00_AfDlUeU5-WU1xM0ufkjCJgA39W0Ay2vTpBdOO7sfpfU9TQ&oe=6393A793&_nc_sid=282b66,false
44308373418,gnnesh_paattiil,‡§ó‡§£‡•á‡§∂  ‡§™‡§æ‡§ü‡•Ä‡§≤,https://instagram.fblr20-1.fna.fbcdn.net/v/t51.2885-19/125508923_356421388995356_4623439082778768165_n.jpg?stp=dst-jpg_s150x150&_nc_ht=instagram.fblr20-1.fna.fbcdn.net&_nc_cat=108&_nc_ohc=x7VDQlfK7JkAX-V6FPR&edm=AOG-cTkBAAAA&ccb=7-5&oh=00_AfAGca3TFy81Ocfkik1lts3Q_ubDPQ2suW0VCZT1h7fS6A&oe=63940E72&_nc_sid=282b66,false
9931633856,bhushan_bhattad_786,Bhushan Bhattad,https://instagram.fblr20-1.fna.fbcdn.net/v/t51.2885-19/311113845_891908928442760_1810508369009032495_n.jpg?stp=dst-jpg_s150x150&_nc_ht=instagram.fblr20-1.fna.fbcdn.net&_nc_cat=108&_nc_ohc=MKj2kxpenTwAX_B1Obk&tn=uUIEOepx0q4Jbq90&edm=AOG-cTkBAAAA&ccb=7-5&oh=00_AfC3avZlibfVO-sye1x4jWZlZzBDE6vwIbw_yNgZgZSogA&oe=63938614&_nc_sid=282b66,false
37598627359,adityanarodepatil,‡§Ü‡§¶‡§ø‡§§‡•ç‡§Ø ‡§∏‡§ö‡§ø‡§® ‡§®‡§∞‡•ã‡§°‡•á üëë,https://instagram.fblr20-1.fna.fbcdn.net/v/t51.2885-19/315065010_881737349626041_1001529374033272990_n.jpg?stp=dst-jpg_s150x150&_nc_ht=instagram.fblr20-1.fna.fbcdn.net&_nc_cat=109&_nc_ohc=IAIrMoaLyu4AX-4LuKL&edm=AOG-cTkBAAAA&ccb=7-5&oh=00_AfBq9iW8f4gVHshDGIEYJgdhwBLKw4vPYHdyXQXfN8kSjQ&oe=6394D1C1&_nc_sid=282b66,false
42973289177,niamohan2806_,ü¶ãNia mohanü¶ã,https://instagram.fblr20-2.fna.fbcdn.net/v/t51.2885-19/279028333_707965000628471_1368308264798933383_n.jpg?stp=dst-jpg_s150x150&_nc_ht=instagram.fblr20-2.fna.fbcdn.net&_nc_cat=111&_nc_ohc=OXGkkgzlvzYAX_2THKa&edm=AOG-cTkBAAAA&ccb=7-5&oh=00_AfAXRrxyDy59a_blUPF4jCZF1RWF6a538fZg5Iv0lsIOOQ&oe=63936B1C&_nc_sid=282b66,false
4299170000,akashghaywat.artist,Akash Ghaywat,https://instagram.fblr20-3.fna.fbcdn.net/v/t51.2885-19/298964871_3236917736520661_1004686804069030181_n.jpg?stp=dst-jpg_s150x150&_nc_ht=instagram.fblr20-3.fna.fbcdn.net&_nc_cat=101&_nc_ohc=IbN_GIIf1GkAX8d4O18&edm=AOG-cTkBAAAA&ccb=7-5&oh=00_AfDhjsuQybYQMmZNMoT2yvQC2nVE0QSg3gCcsdwr-SyTgw&oe=63939E0F&_nc_sid=282b66,false
31353469581,nishant_kadakol_1418_,ùôâùôûùô®ùôùùôñùô£ùô© ùôÜùôñùôôùôñùô†ùô§ùô°,https://instagram.fblr20-1.fna.fbcdn.net/v/t51.2885-19/271578661_266392075584236_5987560431614628013_n.jpg?stp=dst-jpg_s150x150&_nc_ht=instagram.fblr20-1.fna.fbcdn.net&_nc_cat=108&_nc_ohc=cZnpKYwf3PAAX86XjAa&edm=AOG-cTkBAAAA&ccb=7-5&oh=00_AfAvQZjD7YbwpFeDHACMuXxKNf6UWDIrg8wAQR4UYrXg-Q&oe=6394ED50&_nc_sid=282b66,false
6089435808,cheap_premium_service_,Cheap Premium Service,https://instagram.fblr20-2.fna.fbcdn.net/v/t51.2885-19/121785364_1069585463477284_7782029902749702853_n.jpg?stp=dst-jpg_s150x150&_nc_ht=instagram.fblr20-2.fna.fbcdn.net&_nc_cat=104&_nc_ohc=sVNBlGPkqNwAX_hqabO&edm=AOG-cTkBAAAA&ccb=7-5&oh=00_AfCbSUg8AKYyo0y3iDjMgRXB62eQaz9fb9UPnFg0OV7SPQ&oe=639493E8&_nc_sid=282b66,false
44000147887,hardik_fans__club,ùôùùôñùôßùôôùôûùô† ‚ù£ ùôôùôñùôßùô°ùôûùô£ùôúüòò,https://instagram.fblr20-1.fna.fbcdn.net/v/t51.2885-19/122092662_170647274673895_4949973459890377965_n.jpg?stp=dst-jpg_s150x150&_nc_ht=instagram.fblr20-1.fna.fbcdn.net&_nc_cat=107&_nc_ohc=-kDYCe-vkJYAX_Df3WP&tn=uUIEOepx0q4Jbq90&edm=AOG-cTkBAAAA&ccb=7-5&oh=00_AfD_l2sawRbjvKFLgjCg5T_UXN4kv_IfAlUmEjeiWsXF8w&oe=63945B3C&_nc_sid=282b66,false
11397692081,kandalkar_aditya_3001,Ô£ø ùî∏ùïïùïöùï•ùï™ùïí  ùïÇùïíùïüùïïùïíùïùùïúùïíùï£ Ô£ø,https://instagram.fblr20-1.fna.fbcdn.net/v/t51.2885-19/312787928_1151159649145280_6321970461897729657_n.jpg?stp=dst-jpg_s150x150&_nc_ht=instagram.fblr20-1.fna.fbcdn.net&_nc_cat=108&_nc_ohc=LW-WV055j74AX-T01sh&edm=AOG-cTkBAAAA&ccb=7-5&oh=00_AfBbE2qLewNYPuN01Qzl1-Cu6dJ6tYqoqKYeBqapnWq6qA&oe=6394E38A&_nc_sid=282b66,false
20952477005,i.g_manav,Manav Agrawal,https://instagram.fblr20-2.fna.fbcdn.net/v/t51.2885-19/317864722_852509562767822_61277053856869007_n.jpg?stp=dst-jpg_s150x150&_nc_ht=instagram.fblr20-2.fna.fbcdn.net&_nc_cat=102&_nc_ohc=48Oun3ulH68AX_ZNoqM&edm=AOG-cTkBAAAA&ccb=7-5&oh=00_AfDfz3LKKuIB2MpzjvPrUVGcFypiFstb2vbK6P7jLVEVZQ&oe=63937862&_nc_sid=282b66,false
39259053071,tadipar.dubs,Tadipar Dubs,https://instagram.fblr20-3.fna.fbcdn.net/v/t51.2885-19/118157182_1606817576186489_5060829229246608180_n.jpg?stp=dst-jpg_s150x150&_nc_ht=instagram.fblr20-3.fna.fbcdn.net&_nc_cat=105&_nc_ohc=AulluAwROIQAX_3tL-R&edm=AOG-cTkBAAAA&ccb=7-5&oh=00_AfCsXeBJHADrAOEaF2fqXh9O60LtEZ_1qNzFamx5artSLQ&oe=63936CAC&_nc_sid=282b66,false
42819334878,shinde123aditya,as88133092020,https://scontent-ssn1-1.cdninstagram.com/v/t51.2885-19/44884218_345707102882519_2446069589734326272_n.jpg?_nc_ht=scontent-ssn1-1.cdninstagram.com&_nc_cat=1&_nc_ohc=uM88MCE8Dx4AX9W4g5y&edm=ABmJApABAAAA&ccb=7-5&ig_cache_key=YW5vbnltb3VzX3Byb2ZpbGVfcGlj.2-ccb7-5&oh=00_AfD0M4EHyX7SjIgnGZy8Q94oC_8VBmNEXe3sCDzSMCA3Ow&oe=6394944F&_nc_sid=6136e7,false
42813130349,sujal.sancheti,Sujal Sancheti,https://scontent-ssn1-1.cdninstagram.com/v/t51.2885-19/44884218_345707102882519_2446069589734326272_n.jpg?_nc_ht=scontent-ssn1-1.cdninstagram.com&_nc_cat=1&_nc_ohc=uM88MCE8Dx4AX9W4g5y&edm=ABmJApABAAAA&ccb=7-5&ig_cache_key=YW5vbnltb3VzX3Byb2ZpbGVfcGlj.2-ccb7-5&oh=00_AfD0M4EHyX7SjIgnGZy8Q94oC_8VBmNEXe3sCDzSMCA3Ow&oe=6394944F&_nc_sid=6136e7,false
22080692672,anushka_kalekar_,Anushka Kalekar ü¶ã,https://instagram.fblr20-2.fna.fbcdn.net/v/t51.2885-19/317512271_1118642918671298_4187350467770782714_n.jpg?stp=dst-jpg_s150x150&_nc_ht=instagram.fblr20-2.fna.fbcdn.net&_nc_cat=102&_nc_ohc=Unlek6DcZa0AX8cS60s&edm=AOG-cTkBAAAA&ccb=7-5&oh=00_AfDT0FflX7f-8v4CBKKrDBWFKPL2qtRnIrBUKnUPukfnXQ&oe=63933A37&_nc_sid=282b66,false
24265205035,varma_varad_,ùìãùí∂ùìáùí∂ùíπ,https://instagram.fblr20-3.fna.fbcdn.net/v/t51.2885-19/316367670_1167967490593117_8598515118706296908_n.jpg?stp=dst-jpg_s150x150&_nc_ht=instagram.fblr20-3.fna.fbcdn.net&_nc_cat=101&_nc_ohc=ZUdGbsEGM1wAX-p-zvE&edm=AOG-cTkBAAAA&ccb=7-5&oh=00_AfCrD6mC04kzewSTPmoHz5UbvIfWOhfqreNgNVdSO4gTEw&oe=63950E55&_nc_sid=282b66,false
42768361722,shoes.hub24,Shoe hub,https://instagram.fblr20-2.fna.fbcdn.net/v/t51.2885-19/120109652_338795353844082_8049827105667926680_n.jpg?stp=dst-jpg_s150x150&_nc_ht=instagram.fblr20-2.fna.fbcdn.net&_nc_cat=106&_nc_ohc=aHoKbIC4lzEAX8eyA2-&edm=AOG-cTkBAAAA&ccb=7-5&oh=00_AfBAbOFEVwwXjgi5PjfRUwU5jivI01HzfcJ77zlgYDHIng&oe=6394E476&_nc_sid=282b66,false
39258502050,sohamshinde_20,Soham Shinde üñ§,https://instagram.fblr20-1.fna.fbcdn.net/v/t51.2885-19/313804533_703229634055148_8229735149490686378_n.jpg?stp=dst-jpg_s150x150&_nc_ht=instagram.fblr20-1.fna.fbcdn.net&_nc_cat=108&_nc_ohc=v8GGIgbzKbEAX_EaPdf&edm=AOG-cTkBAAAA&ccb=7-5&oh=00_AfBs07p1OdFCFNUZVTV3HSLZq_DHKD1tYphB7BEFrHVgGQ&oe=6393C741&_nc_sid=282b66,false
12090559283,harshada_k3114,Harshada Kawde,https://instagram.fblr20-3.fna.fbcdn.net/v/t51.2885-19/274916773_1241271676398413_4888691789325161611_n.jpg?stp=dst-jpg_s150x150&_nc_ht=instagram.fblr20-3.fna.fbcdn.net&_nc_cat=105&_nc_ohc=GGKxMrrKR6MAX-lQQLt&tn=uUIEOepx0q4Jbq90&edm=AOG-cTkBAAAA&ccb=7-5&oh=00_AfButSyiOz03773TeBDyFYRFdh6E2E2Rqmfv39wD0BqDXQ&oe=6394517A&_nc_sid=282b66,false
10501873397,shrushti_kalekar,‡§∏‡•É‡§∑‡•ç‡§ü‡•Ä,https://instagram.fblr20-2.fna.fbcdn.net/v/t51.2885-19/312261724_1148050719424130_8824539234898910284_n.jpg?stp=dst-jpg_s150x150&_nc_ht=instagram.fblr20-2.fna.fbcdn.net&_nc_cat=102&_nc_ohc=UDzknIH0e8IAX_06r0L&edm=AOG-cTkBAAAA&ccb=7-5&oh=00_AfDsnujH0xuqa8q7mt4_gPXNXVVC-r4T0mVTlB3WkNlHtA&oe=6394E96E&_nc_sid=282b66,false
40288862822,prajjwal67.8,Prajjwal üî±(^‚Äø^),https://instagram.fblr20-1.fna.fbcdn.net/v/t51.2885-19/283667385_390848992791118_5176628294680640609_n.jpg?stp=dst-jpg_s150x150&_nc_ht=instagram.fblr20-1.fna.fbcdn.net&_nc_cat=110&_nc_ohc=SuwbGRqcH_4AX8PUVPh&edm=AOG-cTkBAAAA&ccb=7-5&oh=00_AfDLMBuU7kFF8pyDYKnyH_SUmRORkEjGCd2IqqqFsgS9HQ&oe=6394ECD6&_nc_sid=282b66,false
5873457062,1_stop_for_all,Geetika Chawla,https://scontent-cgk1-1.cdninstagram.com/v/t51.2885-19/44884218_345707102882519_2446069589734326272_n.jpg?efg=eyJybWQiOiJpZ19hbmRyb2lkX21vYmlsZV9uZXR3b3JrX3N0YWNrX3RpZ29uX21uc19ybWRfMjU1X3YyOnRpZ29uX2xpZ2VyIn0&_nc_ht=scontent-cgk1-1.cdninstagram.com&_nc_cat=1&_nc_ohc=uM88MCE8Dx4AX_2wUFq&edm=ALlQn9MBAAAA&ccb=7-5&ig_cache_key=YW5vbnltb3VzX3Byb2ZpbGVfcGlj.2-ccb7-5&oh=00_AfAiVV7wsyuB87HZpA5CEi2vB90u0Zfcj8sUwXqWRQV0_w&oe=6394944F&_nc_sid=48a2a6,false
11677157181,vedant_bhad,vedant bhad,https://instagram.fblr20-2.fna.fbcdn.net/v/t51.2885-19/70506187_1311913612304207_6827034607880241152_n.jpg?stp=dst-jpg_s150x150&_nc_ht=instagram.fblr20-2.fna.fbcdn.net&_nc_cat=111&_nc_ohc=H0rkZ6EfwaoAX8rYW1J&edm=AOG-cTkBAAAA&ccb=7-5&oh=00_AfCpo4PdPaq1L377aRol303DsXj-jnIle3rsbuPgLk_v4w&oe=6393F224&_nc_sid=282b66,false
40189187036,yash_patil13339,Yash,https://scontent-cgk1-1.cdninstagram.com/v/t51.2885-19/44884218_345707102882519_2446069589734326272_n.jpg?efg=eyJybWQiOiJpZ19hbmRyb2lkX21vYmlsZV9uZXR3b3JrX3N0YWNrX3RpZ29uX21uc19ybWRfMjU1X3YyOnRpZ29uX2xpZ2VyIn0&_nc_ht=scontent-cgk1-1.cdninstagram.com&_nc_cat=1&_nc_ohc=uM88MCE8Dx4AX_2wUFq&edm=ALlQn9MBAAAA&ccb=7-5&ig_cache_key=YW5vbnltb3VzX3Byb2ZpbGVfcGlj.2-ccb7-5&oh=00_AfAiVV7wsyuB87HZpA5CEi2vB90u0Zfcj8sUwXqWRQV0_w&oe=6394944F&_nc_sid=48a2a6,false
9761580467,_rakkkshaa_,Raksha Doshi üåº,https://instagram.fblr20-3.fna.fbcdn.net/v/t51.2885-19/312679929_484418426959829_6228400320506175518_n.jpg?stp=dst-jpg_s150x150&_nc_ht=instagram.fblr20-3.fna.fbcdn.net&_nc_cat=105&_nc_ohc=a6SdxiLLltgAX8fjyVf&edm=AOG-cTkBAAAA&ccb=7-5&oh=00_AfA5k9Orf0IpyAGsWu7P07-CBDuDBU51hgZWA524RNdFQQ&oe=63949396&_nc_sid=282b66,false
31864220829,mangalorehomie,Mangalore Homie,https://instagram.fblr20-3.fna.fbcdn.net/v/t51.2885-19/239764774_1003005527166900_2029155856582124931_n.jpg?stp=dst-jpg_s150x150&_nc_ht=instagram.fblr20-3.fna.fbcdn.net&_nc_cat=100&_nc_ohc=11U3_uMsvA8AX_DDIOt&edm=AOG-cTkBAAAA&ccb=7-5&oh=00_AfBOTEc75OBQzd9U2Cy8FcTnHBvwZVhp9ANDE_th7cE08g&oe=63939482&_nc_sid=282b66,false
39462210369,tech.cipher,Tech Cipher,https://instagram.fblr20-1.fna.fbcdn.net/v/t51.2885-19/116725892_601309377240464_6123165703542467697_n.jpg?stp=dst-jpg_s150x150&_nc_ht=instagram.fblr20-1.fna.fbcdn.net&_nc_cat=108&_nc_ohc=4-OQ85Iit88AX_1KzWU&edm=AOG-cTkBAAAA&ccb=7-5&oh=00_AfAH99f-Y4tiy6U11qq2C_Nlh-RmCcTBOd_c7UE-z9dYPA&oe=639452CA&_nc_sid=282b66,false
39936856196,sis_dirty_meme,SIS,https://instagram.fblr20-3.fna.fbcdn.net/v/t51.2885-19/116839136_168578258188848_6328835421733527539_n.jpg?stp=dst-jpg_s150x150&_nc_ht=instagram.fblr20-3.fna.fbcdn.net&_nc_cat=100&_nc_ohc=ABtPGzDxgmsAX_CvPrJ&edm=AOG-cTkBAAAA&ccb=7-5&oh=00_AfB2Y2K9awiOQJa00fzvJC8RptzFBWUGsWanqJqn5O8uuQ&oe=6394B009&_nc_sid=282b66,false
30413778626,loyalrunwal_6,‚ô°Ô∏é‚ô•Ô∏éùóüùó¢ùó¨ùóîùóü‚ô•Ô∏é‚ô°Ô∏é,https://instagram.fblr20-3.fna.fbcdn.net/v/t51.2885-19/312606337_3244738135749036_2965615409267858506_n.jpg?stp=dst-jpg_s150x150&_nc_ht=instagram.fblr20-3.fna.fbcdn.net&_nc_cat=100&_nc_ohc=tN4koOY6waIAX_XTjMn&tn=uUIEOepx0q4Jbq90&edm=AOG-cTkBAAAA&ccb=7-5&oh=00_AfAuT_hcBupkPUXrrfQb6-6VzVQnhMC0VbxFThwSdK-pJQ&oe=63948CAB&_nc_sid=282b66,false
34361479171,arfatdeshmukh777,Arfat deshmukh,https://scontent-cgk1-1.cdninstagram.com/v/t51.2885-19/44884218_345707102882519_2446069589734326272_n.jpg?efg=eyJybWQiOiJpZ19hbmRyb2lkX21vYmlsZV9uZXR3b3JrX3N0YWNrX3RpZ29uX21uc19ybWRfMjU1X3YyOnRpZ29uX2xpZ2VyIn0&_nc_ht=scontent-cgk1-1.cdninstagram.com&_nc_cat=1&_nc_ohc=uM88MCE8Dx4AX_2wUFq&edm=ALlQn9MBAAAA&ccb=7-5&ig_cache_key=YW5vbnltb3VzX3Byb2ZpbGVfcGlj.2-ccb7-5&oh=00_AfAiVV7wsyuB87HZpA5CEi2vB90u0Zfcj8sUwXqWRQV0_w&oe=6394944F&_nc_sid=48a2a6,false
11781286107,_kesar_5,KesarRamchandaniüñ§,https://instagram.fblr20-1.fna.fbcdn.net/v/t51.2885-19/317474095_1120834555295684_7180735925504529524_n.jpg?stp=dst-jpg_s150x150&_nc_ht=instagram.fblr20-1.fna.fbcdn.net&_nc_cat=108&_nc_ohc=wKSNhXIOAzAAX_R461x&edm=AOG-cTkBAAAA&ccb=7-5&oh=00_AfCGP5fPMmmEJn2HvNRby98PVVG9ReDpBR9Yp3hOhMw54g&oe=6393F79A&_nc_sid=282b66,false
11336491932,punit1819,Kri$hpreet,https://instagram.fblr20-3.fna.fbcdn.net/v/t51.2885-19/200811796_488051312484264_6614925998208335021_n.jpg?stp=dst-jpg_s150x150&_nc_ht=instagram.fblr20-3.fna.fbcdn.net&_nc_cat=100&_nc_ohc=LmEp5ZRE0o4AX9puiYJ&tn=uUIEOepx0q4Jbq90&edm=AOG-cTkBAAAA&ccb=7-5&oh=00_AfDN0gLAJThtFM3iu-df5yl4w0_f1Q81tP8ylrOY_78T8g&oe=63933555&_nc_sid=282b66,false
36381083621,omgupta83,O.D.G,https://instagram.fblr20-1.fna.fbcdn.net/v/t51.2885-19/117972025_754630125367231_4819103187919405846_n.jpg?stp=dst-jpg_s150x150&_nc_ht=instagram.fblr20-1.fna.fbcdn.net&_nc_cat=107&_nc_ohc=gPuZlYz_T38AX_OTM4L&tn=uUIEOepx0q4Jbq90&edm=AOG-cTkBAAAA&ccb=7-5&oh=00_AfA4Kd3X_4y3wL6BGpX7vTLnY8_1m6QM3XhUqm-4sk7-Pg&oe=63942E92&_nc_sid=282b66,false
36289739076,jannu4925,I love you jannu,https://scontent-cgk1-1.cdninstagram.com/v/t51.2885-19/44884218_345707102882519_2446069589734326272_n.jpg?efg=eyJybWQiOiJpZ19hbmRyb2lkX21vYmlsZV9uZXR3b3JrX3N0YWNrX3RpZ29uX21uc19ybWRfMjU1X3YyOnRpZ29uX2xpZ2VyIn0&_nc_ht=scontent-cgk1-1.cdninstagram.com&_nc_cat=1&_nc_ohc=uM88MCE8Dx4AX_2wUFq&edm=ALlQn9MBAAAA&ccb=7-5&ig_cache_key=YW5vbnltb3VzX3Byb2ZpbGVfcGlj.2-ccb7-5&oh=00_AfAiVV7wsyuB87HZpA5CEi2vB90u0Zfcj8sUwXqWRQV0_w&oe=6394944F&_nc_sid=48a2a6,false
39364421795,parthjagtap8,Parth Jagtap,https://instagram.fblr20-2.fna.fbcdn.net/v/t51.2885-19/107510508_265932144697958_6777642259938763421_n.jpg?stp=dst-jpg_s150x150&_nc_ht=instagram.fblr20-2.fna.fbcdn.net&_nc_cat=102&_nc_ohc=otfipaHeiEMAX8o7Oy9&tn=uUIEOepx0q4Jbq90&edm=AOG-cTkBAAAA&ccb=7-5&oh=00_AfBhaCT-kKyvZf50Mwic2Dk7vyjjPyVGRs-nFGCyo60IbQ&oe=639517B8&_nc_sid=282b66,false
39380376055,siddhalsancheti,Siddhal Sancheti,https://instagram.fblr20-2.fna.fbcdn.net/v/t51.2885-19/309450747_776854980212102_466526560647662314_n.jpg?stp=dst-jpg_s150x150&_nc_ht=instagram.fblr20-2.fna.fbcdn.net&_nc_cat=102&_nc_ohc=W914fL2v46IAX8Oz7Is&edm=AOG-cTkBAAAA&ccb=7-5&oh=00_AfC2PIDhUM7zkNLENg-gFTKikbnXWYOfNYLfQZ3xvH2nJg&oe=6393F304&_nc_sid=282b66,false
8225555542,devika_veerkar,Devika Veerkar,https://instagram.fblr20-2.fna.fbcdn.net/v/t51.2885-19/240391146_1208983496180380_3591594994996010600_n.jpg?stp=dst-jpg_s150x150&_nc_ht=instagram.fblr20-2.fna.fbcdn.net&_nc_cat=104&_nc_ohc=AaX-FaxeYm4AX9Va8I4&edm=AOG-cTkBAAAA&ccb=7-5&oh=00_AfCjvctnrCVNlmPf0V-V0mpC2YBcL8Qz_HiJG-IfB4jvag&oe=6394B35E&_nc_sid=282b66,false
4818458048,yashraj.wani,Yashraj Wani,https://instagram.fblr20-1.fna.fbcdn.net/v/t51.2885-19/314919026_2390723171085417_4827070840861011290_n.jpg?stp=dst-jpg_s150x150&_nc_ht=instagram.fblr20-1.fna.fbcdn.net&_nc_cat=109&_nc_ohc=Ni5qnsfiLOYAX-xXwaT&edm=AOG-cTkBAAAA&ccb=7-5&oh=00_AfBSlyQsL9VVGiGVLtwYPvjl3XOdDDS0ColBrCYMSxG-IA&oe=6393A93E&_nc_sid=282b66,false
15749908276,harsh_dhumal18449,Harsh_09,https://instagram.fblr20-1.fna.fbcdn.net/v/t51.2885-19/317715356_682092283440585_8118643440926311481_n.jpg?stp=dst-jpg_s150x150&_nc_ht=instagram.fblr20-1.fna.fbcdn.net&_nc_cat=109&_nc_ohc=qeUZnidqXdIAX-3CwFy&edm=AOG-cTkBAAAA&ccb=7-5&oh=00_AfDODqfKm2ff8ilszOQYg_sRHLmMmpxmPT4biSQXKS5CJQ&oe=6393FC95&_nc_sid=282b66,false
38081725000,5ive1leeven,5ive1leeven,https://instagram.fblr20-2.fna.fbcdn.net/v/t51.2885-19/105974865_708698116593719_8745741272744602394_n.jpg?stp=dst-jpg_s150x150&_nc_ht=instagram.fblr20-2.fna.fbcdn.net&_nc_cat=111&_nc_ohc=SLrWJidG39kAX8gT1VC&edm=AOG-cTkBAAAA&ccb=7-5&oh=00_AfDxCN8hEsu0taju6tgChUP-D-h_1I1GWIHc3wI3FBmN2A&oe=63948BD9&_nc_sid=282b66,false
38293567760,pho_togenic99,Photogenic Labüì∏,https://instagram.fblr20-1.fna.fbcdn.net/v/t51.2885-19/292576321_439252214718741_8139190708386273354_n.jpg?stp=dst-jpg_s150x150&_nc_ht=instagram.fblr20-1.fna.fbcdn.net&_nc_cat=109&_nc_ohc=GPqbPF5Q1I8AX-YiU39&edm=AOG-cTkBAAAA&ccb=7-5&oh=00_AfChxXvN590_clILi9hLIF3Fp90xUp33NzEA_qEdbTEV1g&oe=63941C1A&_nc_sid=282b66,false
37127292029,mutha_khush123,khush mutha,https://instagram.fblr20-3.fna.fbcdn.net/v/t51.2885-19/126077812_308228576927489_6079803564386930755_n.jpg?stp=dst-jpg_s150x150&_nc_ht=instagram.fblr20-3.fna.fbcdn.net&_nc_cat=105&_nc_ohc=efzIRlAgPtsAX_4VKNM&edm=AOG-cTkBAAAA&ccb=7-5&oh=00_AfCRvPm-0hJgR5p9b-yO0liEC-P3-jDDFrURJSKqMQboOQ&oe=6394DED2&_nc_sid=282b66,false
16230042684,sarthak__9000__shelar,Sarthak kailas shelarüíØ,https://instagram.fblr20-1.fna.fbcdn.net/v/t51.2885-19/165228983_1097930667353563_8159809697725481768_n.jpg?stp=dst-jpg_s150x150&_nc_ht=instagram.fblr20-1.fna.fbcdn.net&_nc_cat=107&_nc_ohc=eUCOgltu5LwAX--wCOl&edm=AOG-cTkBAAAA&ccb=7-5&oh=00_AfCNryfoi98zDv3jQ0LvS5I53b-LI5Rlnan0yZ_JDuOB-Q&oe=6393B3E9&_nc_sid=282b66,false
26818320058,chintana_mahajan,Chintanaüí´,https://instagram.fblr20-2.fna.fbcdn.net/v/t51.2885-19/299588504_1229546317885526_9031306806026424811_n.jpg?stp=dst-jpg_s150x150&_nc_ht=instagram.fblr20-2.fna.fbcdn.net&_nc_cat=102&_nc_ohc=SHd58VQmWioAX91_cqP&edm=AOG-cTkBAAAA&ccb=7-5&oh=00_AfCeSEAf8KudeCm3fpqsNfOoHR4MRPCeGq-_U_JMxDuoQA&oe=63934EC8&_nc_sid=282b66,false
4363690778,anishthole__,AÃ∏nÃ∏iÃ∏sÃ∏hÃ∏ TÃ∏hÃ∏oÃ∏lÃ∏eÃ∏‚ú®,https://instagram.fblr20-3.fna.fbcdn.net/v/t51.2885-19/312632119_805737660644365_703108222083777904_n.jpg?stp=dst-jpg_s150x150&_nc_ht=instagram.fblr20-3.fna.fbcdn.net&_nc_cat=101&_nc_ohc=f_SWkIRcWngAX9Q6FRu&tn=uUIEOepx0q4Jbq90&edm=AOG-cTkBAAAA&ccb=7-5&oh=00_AfC16cHCkH0ocWsAVjUry8rcoyZ5FA2g0QldUdDz40JiyA&oe=6394E985&_nc_sid=282b66,false
6796780416,ayushlunkad1303,Ayush Lunkad,https://instagram.fblr20-2.fna.fbcdn.net/v/t51.2885-19/317921545_833889857839919_7532222013398421491_n.jpg?stp=dst-jpg_s150x150&_nc_ht=instagram.fblr20-2.fna.fbcdn.net&_nc_cat=111&_nc_ohc=ebiHUdyXkkcAX_OKnty&edm=AOG-cTkBAAAA&ccb=7-5&oh=00_AfA_EjQ0Jvr-zI_8tflJGNffYuO2yOF_WSWWbdw0KOszag&oe=6393E527&_nc_sid=282b66,false
15782047276,anvaybarhate,Anvay,https://instagram.fblr20-3.fna.fbcdn.net/v/t51.2885-19/311311911_1473438936771985_1520917989511950836_n.jpg?stp=dst-jpg_s150x150&_nc_ht=instagram.fblr20-3.fna.fbcdn.net&_nc_cat=101&_nc_ohc=K6JkV_907P0AX9KB4ll&edm=AOG-cTkBAAAA&ccb=7-5&oh=00_AfDOBY0QGwRtJpC_0jA5p8UWZFuo6OiECubdJh3fQixdsw&oe=6394924A&_nc_sid=282b66,false
13269725457,v4mp6revee,Vee üåßÔ∏è,https://instagram.fblr20-1.fna.fbcdn.net/v/t51.2885-19/302407301_539758377942271_3923005678440921473_n.jpg?stp=dst-jpg_s150x150&_nc_ht=instagram.fblr20-1.fna.fbcdn.net&_nc_cat=107&_nc_ohc=Wg3aWef0QGsAX__WDbj&edm=AOG-cTkBAAAA&ccb=7-5&oh=00_AfDRfgA7e92PNzEwJLQx-gER0FCF1OQNVsfYVZArpcCMtA&oe=63939009&_nc_sid=282b66,false
26268948625,iam_shravani.e,justt.Shravani,https://instagram.fblr20-2.fna.fbcdn.net/v/t51.2885-19/313849011_3477240962503655_6216123831990953097_n.jpg?stp=dst-jpg_s150x150&_nc_ht=instagram.fblr20-2.fna.fbcdn.net&_nc_cat=111&_nc_ohc=IR1GDbJFtk4AX8Cqnqn&edm=AOG-cTkBAAAA&ccb=7-5&oh=00_AfBX8zlY5XLN_ampUbAwy8HEZnPPIPay_8UXqlFcwLCojg&oe=6394CF7F&_nc_sid=282b66,false
26579780321,__shi_am__,ùïæùñçùñéùñõùñÜùñí ‚úñ‚Äø‚úñ‚Ä¢,https://instagram.fblr20-2.fna.fbcdn.net/v/t51.2885-19/311840293_143074181776598_2042075478280341779_n.jpg?stp=dst-jpg_s150x150&_nc_ht=instagram.fblr20-2.fna.fbcdn.net&_nc_cat=102&_nc_ohc=87varpxEbjMAX_11aOJ&edm=AOG-cTkBAAAA&ccb=7-5&oh=00_AfAEYcY78yvQwTRDmpuvZsubysKVWeRQX8W_IcaLt-inaA&oe=6393A5F2&_nc_sid=282b66,false
22363597035,sarthakgulwe,Sarthak Gulwe,https://scontent-cgk1-1.cdninstagram.com/v/t51.2885-19/44884218_345707102882519_2446069589734326272_n.jpg?efg=eyJybWQiOiJpZ19hbmRyb2lkX21vYmlsZV9uZXR3b3JrX3N0YWNrX3RpZ29uX21uc19ybWRfMjU1X3YyOnRpZ29uX2xpZ2VyIn0&_nc_ht=scontent-cgk1-1.cdninstagram.com&_nc_cat=1&_nc_ohc=uM88MCE8Dx4AX_2wUFq&edm=ALlQn9MBAAAA&ccb=7-5&ig_cache_key=YW5vbnltb3VzX3Byb2ZpbGVfcGlj.2-ccb7-5&oh=00_AfAiVV7wsyuB87HZpA5CEi2vB90u0Zfcj8sUwXqWRQV0_w&oe=6394944F&_nc_sid=48a2a6,false
16752029208,pet_lover____siddhal,Pet lover __ Siddhal,https://instagram.fblr20-1.fna.fbcdn.net/v/t51.2885-19/66474212_678705722597539_5485678718900764672_n.jpg?stp=dst-jpg_s150x150&_nc_ht=instagram.fblr20-1.fna.fbcdn.net&_nc_cat=107&_nc_ohc=lmCtbjyD5WUAX9l3nO-&edm=AOG-cTkBAAAA&ccb=7-5&oh=00_AfA5abqbDDPJZXpteG9TmL0hy2RD-P5GuWpr4qd4QkS9gw&oe=6394D754&_nc_sid=282b66,false
16345086556,priya.sancheti.351,Priya Sancheti,https://instagram.fblr20-2.fna.fbcdn.net/v/t51.2885-19/66455499_910746659262506_4438780006709067776_n.jpg?stp=dst-jpg_s150x150&_nc_ht=instagram.fblr20-2.fna.fbcdn.net&_nc_cat=102&_nc_ohc=xPRKYff4YekAX8_ZHft&edm=AOG-cTkBAAAA&ccb=7-5&oh=00_AfCxINvxh8vMoS1P7yFEeEWeaXwwN-IRpHqq5TpIhFRFxg&oe=63934019&_nc_sid=282b66,false
16341848037,itssheruu,ItsSheruu‚ô°,https://instagram.fblr20-2.fna.fbcdn.net/v/t51.2885-19/65302919_3040215649354115_2134473968722116608_n.jpg?stp=dst-jpg_s150x150&_nc_ht=instagram.fblr20-2.fna.fbcdn.net&_nc_cat=111&_nc_ohc=PwvYF6Em_mAAX8ftjKe&edm=AOG-cTkBAAAA&ccb=7-5&oh=00_AfBCyykhozfpJug-9EOjeGFK2hHzbVUDfMOY-rm0xXDScQ&oe=6393D8F1&_nc_sid=282b66,false
13327548804,ningarajlndur,Ningaraj Y indur,https://instagram.fblr20-3.fna.fbcdn.net/v/t51.2885-19/66613352_2949332801806541_5022031037882957824_n.jpg?stp=dst-jpg_s150x150&_nc_ht=instagram.fblr20-3.fna.fbcdn.net&_nc_cat=105&_nc_ohc=w0CIleu8IhkAX-NSPGw&edm=AOG-cTkBAAAA&ccb=7-5&oh=00_AfCFtzohQA8mad3eMkscnMW3q15ZaJLoqz1q0kSTRQVklw&oe=63950C83&_nc_sid=282b66,false
14420405584,patole9452,sunny patole,https://instagram.fblr20-2.fna.fbcdn.net/v/t51.2885-19/71504617_529688404482714_3449506406871334912_n.jpg?stp=dst-jpg_s150x150&_nc_ht=instagram.fblr20-2.fna.fbcdn.net&_nc_cat=106&_nc_ohc=waFJgCzBZuMAX_fkGvD&edm=AOG-cTkBAAAA&ccb=7-5&oh=00_AfAxAHmSEj3ZHG4phpnrmNfiMn0hKmSONpsUk09x6SqwMA&oe=639412F1&_nc_sid=282b66,false
14351240104,maxwelleton_44_,siddhant Bardhan Joshi,https://instagram.fblr20-3.fna.fbcdn.net/v/t51.2885-19/61293395_1175300385965268_801247538005934080_n.jpg?stp=dst-jpg_s150x150&_nc_ht=instagram.fblr20-3.fna.fbcdn.net&_nc_cat=100&_nc_ohc=nuhbxAxcgbcAX-ISH81&edm=AOG-cTkBAAAA&ccb=7-5&oh=00_AfAu_BkMcCaBMgIUmjdKGRTkz-ZAVtc4SY9Gx9KXAg4LKw&oe=63950F96&_nc_sid=282b66,false
7450119367,rushabh_nahata,Rushabh Anil Nahata,https://instagram.fblr20-3.fna.fbcdn.net/v/t51.2885-19/313967165_680891760006420_7970527725125553471_n.jpg?stp=dst-jpg_s150x150&_nc_ht=instagram.fblr20-3.fna.fbcdn.net&_nc_cat=100&_nc_ohc=PEf49zhHKGYAX-6nG6q&edm=AOG-cTkBAAAA&ccb=7-5&oh=00_AfAZKyt1iklRZ4uKuBOmUNZbtCMKPb8Jaa2SKDRcfa61fg&oe=63940F7A&_nc_sid=282b66,false
6957504342,ojhujhhh,ohtotkt,https://scontent-cgk1-1.cdninstagram.com/v/t51.2885-19/44884218_345707102882519_2446069589734326272_n.jpg?efg=eyJybWQiOiJpZ19hbmRyb2lkX21vYmlsZV9uZXR3b3JrX3N0YWNrX3RpZ29uX21uc19ybWRfMjU1X3YyOnRpZ29uX2xpZ2VyIn0&_nc_ht=scontent-cgk1-1.cdninstagram.com&_nc_cat=1&_nc_ohc=uM88MCE8Dx4AX_2wUFq&edm=ALlQn9MBAAAA&ccb=7-5&ig_cache_key=YW5vbnltb3VzX3Byb2ZpbGVfcGlj.2-ccb7-5&oh=00_AfAiVV7wsyuB87HZpA5CEi2vB90u0Zfcj8sUwXqWRQV0_w&oe=6394944F&_nc_sid=48a2a6,false
12616520205,priyankaspakhale,Priyanka 111111,https://scontent-cgk1-1.cdninstagram.com/v/t51.2885-19/44884218_345707102882519_2446069589734326272_n.jpg?efg=eyJybWQiOiJpZ19hbmRyb2lkX21vYmlsZV9uZXR3b3JrX3N0YWNrX3RpZ29uX21uc19ybWRfMjU1X3YyOnRpZ29uX2xpZ2VyIn0&_nc_ht=scontent-cgk1-1.cdninstagram.com&_nc_cat=1&_nc_ohc=uM88MCE8Dx4AX_2wUFq&edm=ALlQn9MBAAAA&ccb=7-5&ig_cache_key=YW5vbnltb3VzX3Byb2ZpbGVfcGlj.2-ccb7-5&oh=00_AfAiVV7wsyuB87HZpA5CEi2vB90u0Zfcj8sUwXqWRQV0_w&oe=6394944F&_nc_sid=48a2a6,false
7568167979,memestaan_since_96,Memestaan,https://instagram.fblr20-2.fna.fbcdn.net/v/t51.2885-19/117262812_323948705626559_5140226523031844173_n.jpg?stp=dst-jpg_s150x150&_nc_ht=instagram.fblr20-2.fna.fbcdn.net&_nc_cat=111&_nc_ohc=599FLtzgKx0AX9Fw7LR&edm=AOG-cTkBAAAA&ccb=7-5&oh=00_AfBgHPjHDzZeNa-Iuttk9NXuAkDSyuJG1iGgoPgnLsTvCg&oe=639364EF&_nc_sid=282b66,false
4255530526,chawlasweetybhusari,Chawlasweety Bhusari,https://instagram.fblr20-3.fna.fbcdn.net/v/t51.2885-19/297742121_604415151071631_6297774039329420466_n.jpg?stp=dst-jpg_s150x150&_nc_ht=instagram.fblr20-3.fna.fbcdn.net&_nc_cat=103&_nc_ohc=-VlJ0E7vm4oAX-4WnEU&edm=AOG-cTkBAAAA&ccb=7-5&oh=00_AfA9byKRnrWeNF-Jip2fXhvCrCei1-JrRFVE6s3Tq6tvuA&oe=639429AA&_nc_sid=282b66,false
12138051478,mayurrrajput2756,Mayur Rajput,https://instagram.fblr20-1.fna.fbcdn.net/v/t51.2885-19/56312919_333590987354155_8898679613153083392_n.jpg?stp=dst-jpg_s150x150&_nc_ht=instagram.fblr20-1.fna.fbcdn.net&_nc_cat=107&_nc_ohc=4yJJ_EkelssAX9Txjk1&tn=uUIEOepx0q4Jbq90&edm=AOG-cTkBAAAA&ccb=7-5&oh=00_AfCu0qpWh2W0noGHD8TszaSEuqIiRsjnelU9k1pPasE7MA&oe=63945E5F&_nc_sid=282b66,false
10350161859,karantaji99032,karan rajput,https://instagram.fblr20-3.fna.fbcdn.net/v/t51.2885-19/307231946_106214568846653_2467181796744504263_n.jpg?stp=dst-jpg_s150x150&_nc_ht=instagram.fblr20-3.fna.fbcdn.net&_nc_cat=105&_nc_ohc=JIOPG7nkvs8AX8FCsIj&edm=AOG-cTkBAAAA&ccb=7-5&oh=00_AfBjl03w1-82PZ0fyZg6m-P9-neAx0gIUa8XfBnpvmtrFw&oe=63940E6B&_nc_sid=282b66,false
12081861531,bhimacha_lekaru,‡§®‡§ø‡§≥ ‡§µ‡§æ‡§¶‡§≥‡•ç,https://instagram.fblr20-1.fna.fbcdn.net/v/t51.2885-19/57506131_330295247688741_7282664293626019840_n.jpg?stp=dst-jpg_s150x150&_nc_ht=instagram.fblr20-1.fna.fbcdn.net&_nc_cat=109&_nc_ohc=fthp9hZAaS4AX9oGc2e&edm=AOG-cTkBAAAA&ccb=7-5&oh=00_AfBRcXA6ZEtiA8ohBxEhvWIwiDhbja1Wvfx9m5Dqwcb_Eg&oe=63937334&_nc_sid=282b66,false
5002721754,shreya_rohamare,Shreya Rohamare Ô£ø,https://instagram.fblr20-2.fna.fbcdn.net/v/t51.2885-19/75312606_2638548829563590_7178019481338249216_n.jpg?stp=dst-jpg_s150x150&_nc_ht=instagram.fblr20-2.fna.fbcdn.net&_nc_cat=102&_nc_ohc=RzlfDD6YtswAX9b-F3o&edm=AOG-cTkBAAAA&ccb=7-5&oh=00_AfBHhPt6b62NN3t8q3zGyTnuj5TH6vIl-zHbWH2COpNVcA&oe=6393F12F&_nc_sid=282b66,false
8946780872,_lemmebeyours_,Abhi‚ù§Ô∏è,https://instagram.fblr20-3.fna.fbcdn.net/v/t51.2885-19/305168774_607075704385397_3834700287634706917_n.jpg?stp=dst-jpg_s150x150&_nc_ht=instagram.fblr20-3.fna.fbcdn.net&_nc_cat=105&_nc_ohc=09ZyGIRIWegAX8xXFYd&edm=AOG-cTkBAAAA&ccb=7-5&oh=00_AfA1ELUfF6QbThOrlimG0Bbu6lQj-TFJmHl01CqspyzZnA&oe=6393FE60&_nc_sid=282b66,false
11835891553,fa9398839,ashraf khan,https://instagram.fblr20-2.fna.fbcdn.net/v/t51.2885-19/58430440_359116361386396_3343507455819644928_n.jpg?stp=dst-jpg_s150x150&_nc_ht=instagram.fblr20-2.fna.fbcdn.net&_nc_cat=104&_nc_ohc=5wJCxbfHsdkAX8jcmok&edm=AOG-cTkBAAAA&ccb=7-5&oh=00_AfD7EDTbHfxiW4r7eZpFWTzNF6j9IQLmFeVl80YwZ3U2Fw&oe=639488B5&_nc_sid=282b66,false
11200955452,sahil__1727,ùî∞ùîûùî•ùî¶ùî©. ‚ù∂‚ùº‚ù∑‚ùº,https://instagram.fblr20-2.fna.fbcdn.net/v/t51.2885-19/83429483_183738233036150_1927162103571939328_n.jpg?stp=dst-jpg_s150x150&_nc_ht=instagram.fblr20-2.fna.fbcdn.net&_nc_cat=102&_nc_ohc=heymMdzPS1UAX-wPMw6&edm=AOG-cTkBAAAA&ccb=7-5&oh=00_AfB8Vdrtrbep7a5jV_GVPdMM0fWXE_TtU7aAxg2wllPCMg&oe=63949792&_nc_sid=282b66,false
12513232474,sainathpathakofficial,‚ô† Sainath Pathak  ‚ô†,https://instagram.fblr20-1.fna.fbcdn.net/v/t51.2885-19/82780286_166218204702550_4061062320497885184_n.jpg?stp=dst-jpg_s150x150&_nc_ht=instagram.fblr20-1.fna.fbcdn.net&_nc_cat=110&_nc_ohc=2TjoZk3DztgAX-5yvXp&edm=AOG-cTkBAAAA&ccb=7-5&oh=00_AfAQuJHWdmqN7G6pnRm8etzHF6RAEFRMxMKzewKmRSBfqA&oe=63934D30&_nc_sid=282b66,false
6214397092,nakulnim,Nakul Nimbalakar,https://instagram.fblr20-3.fna.fbcdn.net/v/t51.2885-19/312839699_5835957403152301_1543142168130030388_n.jpg?stp=dst-jpg_s150x150&_nc_ht=instagram.fblr20-3.fna.fbcdn.net&_nc_cat=101&_nc_ohc=zps4-09KpHAAX9_C9jw&tn=uUIEOepx0q4Jbq90&edm=AOG-cTkBAAAA&ccb=7-5&oh=00_AfCU0k82afGC1jUMY-IIm3rrE-q_GVRzGuKgdTa5_de3Hg&oe=63935B34&_nc_sid=282b66,false
12077494503,buddchirag,follow @Chirag_buddy,https://instagram.fblr20-3.fna.fbcdn.net/v/t51.2885-19/55859297_312956426059143_5055118783031541760_n.jpg?stp=dst-jpg_s150x150&_nc_ht=instagram.fblr20-3.fna.fbcdn.net&_nc_cat=103&_nc_ohc=lTIoReO0OiEAX_2XAQf&edm=AOG-cTkBAAAA&ccb=7-5&oh=00_AfAOKQ8YylClnZlmyLZjAdwaZblHmoIWnL7Sd_P3ytDb-w&oe=639437AC&_nc_sid=282b66,false
12602433293,doshiz_raksha24,doshiz_raksha24,https://instagram.fnag6-2.fna.fbcdn.net/v/t51.2885-19/44884218_345707102882519_2446069589734326272_n.jpg?_nc_ht=instagram.fnag6-2.fna.fbcdn.net&_nc_cat=1&_nc_ohc=uM88MCE8Dx4AX_TaN7M&edm=ANCTJPgBAAAA&ccb=7-5&ig_cache_key=YW5vbnltb3VzX3Byb2ZpbGVfcGlj.2-ccb7-5&oh=00_AfA8tO0LLPIfkLjzRvLXCqDazhkViztI-_iL780d08BIaQ&oe=6394944F&_nc_sid=8b89b0,false
7409598408,suyash.kothari412,Suyash_Kothari,https://instagram.fblr20-1.fna.fbcdn.net/v/t51.2885-19/305525349_449156333826943_8557254683500451352_n.jpg?stp=dst-jpg_s150x150&_nc_ht=instagram.fblr20-1.fna.fbcdn.net&_nc_cat=107&_nc_ohc=wa01Z0XLnfsAX-tl7fA&tn=uUIEOepx0q4Jbq90&edm=AOG-cTkBAAAA&ccb=7-5&oh=00_AfBdHV9dogKsA-K8BJ9RgAGsH13J9SquJqRu-ESk2i7yyQ&oe=6393D94F&_nc_sid=282b66,false
8994167066,khush_1304,khush,https://instagram.fblr20-2.fna.fbcdn.net/v/t51.2885-19/292109177_1457527954705715_6345384841832904632_n.jpg?stp=dst-jpg_s150x150&_nc_ht=instagram.fblr20-2.fna.fbcdn.net&_nc_cat=111&_nc_ohc=cRvWX0xrS-4AX-_GVjm&edm=AOG-cTkBAAAA&ccb=7-5&oh=00_AfD4oGT_5fPPbcvcFsHqCjGtstaKKxUSIGkRHoQFyFh8tg&oe=63934041&_nc_sid=282b66,false
12369922088,musical_spirit12,Musical Spirit,https://instagram.fblr20-2.fna.fbcdn.net/v/t51.2885-19/56179000_379823815937255_4097390485327314944_n.jpg?stp=dst-jpg_s150x150&_nc_ht=instagram.fblr20-2.fna.fbcdn.net&_nc_cat=111&_nc_ohc=QEcOAe1GfvUAX9ehunQ&edm=AOG-cTkBAAAA&ccb=7-5&oh=00_AfC86bOyIwpdd24gRlkD6moOOYwfB02e-fODwvW-irxnmQ&oe=639465B6&_nc_sid=282b66,false
9196764460,parthavhad6789,-PARTH AVHAD THE SPORTS LOVER-,https://instagram.fblr20-3.fna.fbcdn.net/v/t51.2885-19/89619165_205929660755268_2793680293934923776_n.jpg?stp=dst-jpg_s150x150&_nc_ht=instagram.fblr20-3.fna.fbcdn.net&_nc_cat=100&_nc_ohc=rfVr_lU_MTgAX_N8f3H&edm=AOG-cTkBAAAA&ccb=7-5&oh=00_AfAbXjUdoJ7CllI38cQT97N--_J2qjwqZJK4R3rPEKqFog&oe=639374CB&_nc_sid=282b66,false
8235268400,ashishian_club,AshishiansüéôÔ∏èüé∏,https://instagram.fblr20-1.fna.fbcdn.net/v/t51.2885-19/46972486_484715695267726_7029941949708632064_n.jpg?stp=dst-jpg_s150x150&_nc_ht=instagram.fblr20-1.fna.fbcdn.net&_nc_cat=110&_nc_ohc=HM7Cf1eCMrgAX9xU6kU&edm=AOG-cTkBAAAA&ccb=7-5&oh=00_AfDUIBsKo-9bMtFH2eDAP-Dhpwv67YkwwjaG7cloq0BgQA&oe=63937A4E&_nc_sid=282b66,false
10168691545,sarthak___2613___shelar,üëëüëësarthak shelarüëëüëë,https://instagram.fblr20-3.fna.fbcdn.net/v/t51.2885-19/68703738_489338478308549_2045840244758020096_n.jpg?stp=dst-jpg_s150x150&_nc_ht=instagram.fblr20-3.fna.fbcdn.net&_nc_cat=105&_nc_ohc=U44WXWA3RM4AX_-l3qd&tn=uUIEOepx0q4Jbq90&edm=AOG-cTkBAAAA&ccb=7-5&oh=00_AfB5Yr7YOvzAraS_-ZKs5e1YaGqBJlnn7C9MG67ihIayog&oe=63938EE4&_nc_sid=282b66,false
10842680113,raunak_161206,Raunak Jain,https://instagram.fblr20-3.fna.fbcdn.net/v/t51.2885-19/219672030_1297901710628883_7146341355956256905_n.jpg?stp=dst-jpg_s150x150&_nc_ht=instagram.fblr20-3.fna.fbcdn.net&_nc_cat=103&_nc_ohc=RYmP90N35_sAX_fkECR&edm=AOG-cTkBAAAA&ccb=7-5&oh=00_AfAR7aF6nakihqzJMzGyINheUwzmOU_bSeAyt4x6Q_NIRw&oe=639372D0&_nc_sid=282b66,false
4080341499,prathameshdhumal99,P Ä·¥Ä·¥õ ú·¥Ä·¥ç·¥ás ú D ú·¥ú·¥ç·¥Ä ü,https://instagram.fblr20-1.fna.fbcdn.net/v/t51.2885-19/317646104_1209952006286936_968230702422741173_n.jpg?stp=dst-jpg_s150x150&_nc_ht=instagram.fblr20-1.fna.fbcdn.net&_nc_cat=108&_nc_ohc=F4etpfGeEjMAX8KQsaJ&edm=AOG-cTkBAAAA&ccb=7-5&oh=00_AfCw1CjAKQWiYE1ahWBomp4t7PTor0HQPh3i-Pt8j8YIBA&oe=63944D36&_nc_sid=282b66,false
11902018990,v_r_u_s_h_aaa,‚ô°üÜÖ¬Æüá∫$‚ôì@‚ô°,https://instagram.fblr20-2.fna.fbcdn.net/v/t51.2885-19/56781289_298834527702695_8160263138835431424_n.jpg?stp=dst-jpg_s150x150&_nc_ht=instagram.fblr20-2.fna.fbcdn.net&_nc_cat=111&_nc_ohc=CfGevvvEUhYAX8b2HVK&edm=AOG-cTkBAAAA&ccb=7-5&oh=00_AfA7V-ZUSnlt8aemUQmBKWt7uUesfEweHhwotQSjPKlVfw&oe=639416A9&_nc_sid=282b66,false
3302959899,_varad_k,Varad Kabade,https://instagram.fblr20-3.fna.fbcdn.net/v/t51.2885-19/272793503_697002255041028_748273878152079481_n.jpg?stp=dst-jpg_s150x150&_nc_ht=instagram.fblr20-3.fna.fbcdn.net&_nc_cat=100&_nc_ohc=NTbLxWM2afgAX_oVjaj&edm=AOG-cTkBAAAA&ccb=7-5&oh=00_AfC6eU_F-9rcJa4kfkkGJzVxiE76c_BEyr_I7fQ1_2Edqg&oe=6394A3B5&_nc_sid=282b66,false
9231001953,anvaybarhate1234,,https://instagram.fnag6-2.fna.fbcdn.net/v/t51.2885-19/44884218_345707102882519_2446069589734326272_n.jpg?_nc_ht=instagram.fnag6-2.fna.fbcdn.net&_nc_cat=1&_nc_ohc=uM88MCE8Dx4AX_TaN7M&edm=ANCTJPgBAAAA&ccb=7-5&ig_cache_key=YW5vbnltb3VzX3Byb2ZpbGVfcGlj.2-ccb7-5&oh=00_AfA8tO0LLPIfkLjzRvLXCqDazhkViztI-_iL780d08BIaQ&oe=6394944F&_nc_sid=8b89b0,false
10209262272,ishita_sharma_137,Ishudiüòçüòç,https://instagram.fblr20-2.fna.fbcdn.net/v/t51.2885-19/68946033_522641481884260_6079091827380584448_n.jpg?stp=dst-jpg_s150x150&_nc_ht=instagram.fblr20-2.fna.fbcdn.net&_nc_cat=104&_nc_ohc=pF5PdSSXOQoAX-TnkGy&edm=AOG-cTkBAAAA&ccb=7-5&oh=00_AfB5aQ9PXYivBqyYR1Ul0HASXPIDikv0ZaP2zQmRz-FtDg&oe=6394D1C2&_nc_sid=282b66,false
